DATE,PRCP
01/01/2001,0
01/02/2001,0
01/03/2001,0
01/04/2001,0.04
01/05/2001,0.14
01/06/2001,0
01/07/2001,0.01
01/08/2001,0
01/09/2001,0
01/10/2001,0
01/11/2001,0
01/12/2001,0
1/13/2001,0
1/14/2001,0.02
1/15/2001,0.04
1/16/2001,0
1/17/2001,0.01
1/18/2001,0
1/19/2001,0
1/20/2001,0
1/21/2001,0
1/22/2001,0
1/23/2001,0
1/24/2001,0
1/25/2001,0.02
1/26/2001,0.01
1/27/2001,0.02
1/28/2001,0
1/29/2001,0.16
1/30/2001,0.36
1/31/2001,0.01
02/01/2001,0
02/02/2001,0
02/03/2001,0
02/04/2001,0.02
02/05/2001,0.02
02/06/2001,0.04
02/07/2001,0
02/08/2001,0.09
02/09/2001,0.84
02/10/2001,0.09
02/11/2001,0
02/12/2001,0
2/13/2001,0
2/14/2001,0.33
2/15/2001,0
2/16/2001,0
2/17/2001,0
2/18/2001,0
2/19/2001,0
2/20/2001,0
2/21/2001,0
2/22/2001,0
2/23/2001,0
2/24/2001,0.67
2/25/2001,0.45
2/26/2001,0
2/27/2001,0
2/28/2001,0
03/01/2001,0
03/02/2001,0
03/03/2001,0
03/04/2001,0
03/05/2001,0
03/06/2001,0
03/07/2001,0
03/08/2001,0
03/09/2001,0.01
03/10/2001,0
03/11/2001,0.05
03/12/2001,0.08
3/13/2001,0.46
3/14/2001,0
3/15/2001,0
3/16/2001,0.02
3/17/2001,0.21
3/18/2001,0
3/19/2001,0
3/20/2001,0
3/21/2001,0
3/22/2001,0
3/23/2001,0
3/24/2001,0
3/25/2001,0
3/26/2001,0
3/27/2001,0
3/28/2001,0
3/29/2001,0
3/30/2001,0
3/31/2001,0
04/01/2001,0.09
04/02/2001,0
04/03/2001,0.05
04/04/2001,0
04/05/2001,0
04/06/2001,0.17
04/07/2001,0.18
04/08/2001,0
04/09/2001,0.03
04/10/2001,0.01
04/11/2001,0.02
04/12/2001,0.01
4/13/2001,0
4/14/2001,0
4/15/2001,0.04
4/16/2001,0.04
4/17/2001,0.03
4/18/2001,0
4/19/2001,0
4/20/2001,0.2
4/21/2001,0.3
4/22/2001,0.06
4/23/2001,0.03
4/24/2001,0.01
4/25/2001,0
4/26/2001,0
4/27/2001,0
4/28/2001,0
4/29/2001,0
4/30/2001,0
05/01/2001,0
05/02/2001,0
05/03/2001,0
05/04/2001,0
05/05/2001,0
05/06/2001,0
05/07/2001,0
05/08/2001,0.11
05/09/2001,0
05/10/2001,0
05/11/2001,0.37
05/12/2001,0
5/13/2001,0
5/14/2001,0
5/15/2001,0.22
5/16/2001,0.22
5/17/2001,0.01
5/18/2001,0.06
5/19/2001,0
5/20/2001,0
5/21/2001,0.76
5/22/2001,0.02
5/23/2001,0.01
5/24/2001,0.02
5/25/2001,0.18
5/26/2001,0.33
5/27/2001,0.16
5/28/2001,0.69
5/29/2001,0
5/30/2001,0
5/31/2001,0
06/01/2001,0.46
06/02/2001,0.87
06/03/2001,0.09
06/04/2001,0
06/05/2001,0
06/06/2001,0.02
06/07/2001,0
06/08/2001,0
06/09/2001,0
06/10/2001,0.03
06/11/2001,0.09
06/12/2001,0
6/13/2001,0
6/14/2001,0
6/15/2001,0
6/16/2001,0.03
6/17/2001,0
6/18/2001,0.02
6/19/2001,0.02
6/20/2001,0.01
6/21/2001,0.01
6/22/2001,0
6/23/2001,0
6/24/2001,0
6/25/2001,0
6/26/2001,0
6/27/2001,0
6/28/2001,0
6/29/2001,0
6/30/2001,0
07/01/2001,0
07/02/2001,0
07/03/2001,0.08
07/04/2001,0.42
07/05/2001,0
07/06/2001,0
07/07/2001,0
07/08/2001,0
07/09/2001,0
07/10/2001,0.1
07/11/2001,0
07/12/2001,0
7/13/2001,0
7/14/2001,0
7/15/2001,0
7/16/2001,0
7/17/2001,0
7/18/2001,0
7/19/2001,0
7/20/2001,0
7/21/2001,0.33
7/22/2001,0
7/23/2001,0.56
7/24/2001,0
7/25/2001,0.25
7/26/2001,0
7/27/2001,0
7/28/2001,0
7/29/2001,0.26
7/30/2001,0
7/31/2001,0
08/01/2001,0
08/02/2001,0.08
08/03/2001,0
08/04/2001,0
08/05/2001,0
08/06/2001,0
08/07/2001,0
08/08/2001,0
08/09/2001,0.14
08/10/2001,0.01
08/11/2001,0
08/12/2001,0
8/13/2001,0
8/14/2001,0
8/15/2001,0
8/16/2001,0.35
8/17/2001,0
8/18/2001,0.86
8/19/2001,0.1
8/20/2001,0.01
8/21/2001,0
8/22/2001,0.21
8/23/2001,0.03
8/24/2001,0
8/25/2001,0.04
8/26/2001,0.36
8/27/2001,0
8/28/2001,0
8/29/2001,0
8/30/2001,0
8/31/2001,0.14
09/01/2001,0
09/02/2001,0
09/03/2001,0.08
09/04/2001,0
09/05/2001,0
09/06/2001,0
09/07/2001,0
09/08/2001,0.33
09/09/2001,1.41
09/10/2001,0.03
09/11/2001,0
09/12/2001,0
9/13/2001,0.08
9/14/2001,0
9/15/2001,0
9/16/2001,0
9/17/2001,0
9/18/2001,0
9/19/2001,1.16
9/20/2001,0.01
9/21/2001,0.64
9/22/2001,0
9/23/2001,0.05
9/24/2001,0.03
9/25/2001,0.21
9/26/2001,0.16
9/27/2001,0
9/28/2001,0.01
9/29/2001,0
9/30/2001,0
10/01/2001,0
10/02/2001,0
10/03/2001,0
10/04/2001,0.25
10/05/2001,1.57
10/06/2001,0
10/07/2001,0
10/08/2001,0
10/09/2001,0
10/10/2001,0
10/11/2001,0.7
10/12/2001,0.71
10/13/2001,0.02
10/14/2001,0.79
10/15/2001,0
10/16/2001,1.29
10/17/2001,0
10/18/2001,0
10/19/2001,0
10/20/2001,0
10/21/2001,0
10/22/2001,0.05
10/23/2001,0.17
10/24/2001,0.56
10/25/2001,0
10/26/2001,0.05
10/27/2001,0
10/28/2001,0
10/29/2001,0
10/30/2001,0.03
10/31/2001,0.08
11/01/2001,0
11/02/2001,0.38
11/03/2001,0
11/04/2001,0
11/05/2001,0
11/06/2001,0
11/07/2001,0
11/08/2001,0.07
11/09/2001,0
11/10/2001,0
11/11/2001,0
11/12/2001,0
11/13/2001,0
11/14/2001,0.22
11/15/2001,0.19
11/16/2001,0
11/17/2001,0
11/18/2001,0
11/19/2001,0.1
11/20/2001,0
11/21/2001,0
11/22/2001,0
11/23/2001,0
11/24/2001,0.07
11/25/2001,0.14
11/26/2001,0
11/27/2001,0.05
11/28/2001,0.04
11/29/2001,0.96
11/30/2001,1.15
12/01/2001,0
12/02/2001,0
12/03/2001,0
12/04/2001,0.04
12/05/2001,0
12/06/2001,0.03
12/07/2001,0
12/08/2001,0
12/09/2001,0
12/10/2001,0
12/11/2001,0
12/12/2001,0.15
12/13/2001,0.04
12/14/2001,0.57
12/15/2001,0
12/16/2001,0.11
12/17/2001,0.48
12/18/2001,0
12/19/2001,0.08
12/20/2001,0
12/21/2001,0
12/22/2001,0.06
12/23/2001,0.01
12/24/2001,0
12/25/2001,0
12/26/2001,0
12/27/2001,0
12/28/2001,0
12/29/2001,0
12/30/2001,0
12/31/2001,0
01/01/2002,0
01/02/2002,0
01/03/2002,0
01/04/2002,0
01/05/2002,0
01/06/2002,0.13
01/07/2002,0
01/08/2002,0
01/09/2002,0
01/10/2002,0
01/11/2002,0
01/12/2002,0.04
1/13/2002,0
1/14/2002,0.07
1/15/2002,0.02
1/16/2002,0.02
1/17/2002,0.06
1/18/2002,0
1/19/2002,0
1/20/2002,0
1/21/2002,0
1/22/2002,0
1/23/2002,0
1/24/2002,0.06
1/25/2002,0
1/26/2002,0
1/27/2002,0
1/28/2002,0
1/29/2002,0.36
1/30/2002,0.15
1/31/2002,0.33
02/01/2002,0.99
02/02/2002,0
02/03/2002,0
02/04/2002,0
02/05/2002,0
02/06/2002,0
02/07/2002,0
02/08/2002,0
02/09/2002,0
02/10/2002,0.12
02/11/2002,0.01
02/12/2002,0
2/13/2002,0
2/14/2002,0
2/15/2002,0
2/16/2002,0.13
2/17/2002,0
2/18/2002,0
2/19/2002,0.16
2/20/2002,0.42
2/21/2002,0.18
2/22/2002,0
2/23/2002,0
2/24/2002,0
2/25/2002,0.13
2/26/2002,0.24
2/27/2002,0.09
2/28/2002,0
03/01/2002,0
03/02/2002,0.46
03/03/2002,0.05
03/04/2002,0
03/05/2002,0
03/06/2002,0.02
03/07/2002,0
03/08/2002,0
03/09/2002,0.39
03/10/2002,0
03/11/2002,0
03/12/2002,0
3/13/2002,0
3/14/2002,0
3/15/2002,0.05
3/16/2002,0
3/17/2002,0
3/18/2002,0
3/19/2002,0
3/20/2002,0.07
3/21/2002,0
3/22/2002,0
3/23/2002,0
3/24/2002,0
3/25/2002,0
3/26/2002,0.08
3/27/2002,0
3/28/2002,0
3/29/2002,0.29
3/30/2002,0
3/31/2002,0.1
04/01/2002,0.04
04/02/2002,0.6
04/03/2002,0
04/04/2002,0
04/05/2002,0
04/06/2002,0.04
04/07/2002,0
04/08/2002,0.88
04/09/2002,0.16
04/10/2002,0
04/11/2002,0
04/12/2002,0.64
4/13/2002,0.53
4/14/2002,0
4/15/2002,0
4/16/2002,0
4/17/2002,0
4/18/2002,0
4/19/2002,0.02
4/20/2002,0.15
4/21/2002,0.2
4/22/2002,0.05
4/23/2002,0
4/24/2002,0
4/25/2002,0.01
4/26/2002,0
4/27/2002,0.22
4/28/2002,0.29
4/29/2002,0.01
4/30/2002,0
05/01/2002,0.02
05/02/2002,0.46
05/03/2002,0
05/04/2002,0
05/05/2002,0
05/06/2002,0.18
05/07/2002,0
05/08/2002,0.19
05/09/2002,0.19
05/10/2002,0
05/11/2002,0.06
05/12/2002,1
5/13/2002,0.01
5/14/2002,0.02
5/15/2002,0
5/16/2002,0.42
5/17/2002,0
5/18/2002,0.05
5/19/2002,0
5/20/2002,0
5/21/2002,0
5/22/2002,0
5/23/2002,0
5/24/2002,0.08
5/25/2002,0.16
5/26/2002,0
5/27/2002,0
5/28/2002,0
5/29/2002,0.01
5/30/2002,0.42
5/31/2002,0.05
06/01/2002,0
06/02/2002,0
06/03/2002,0.37
06/04/2002,0.02
06/05/2002,0.14
06/06/2002,0
06/07/2002,0
06/08/2002,0
06/09/2002,0
06/10/2002,0
06/11/2002,0
06/12/2002,0
6/13/2002,0
6/14/2002,0
6/15/2002,0.25
6/16/2002,0
6/17/2002,0.25
6/18/2002,0
6/19/2002,0
6/20/2002,0
6/21/2002,0.72
6/22/2002,0
6/23/2002,0
6/24/2002,0
6/25/2002,0.02
6/26/2002,0.73
6/27/2002,0
6/28/2002,0
6/29/2002,0
6/30/2002,0
07/01/2002,0
07/02/2002,0
07/03/2002,0
07/04/2002,0
07/05/2002,0
07/06/2002,0
07/07/2002,0
07/08/2002,0
07/09/2002,0.05
07/10/2002,0
07/11/2002,0
07/12/2002,0
7/13/2002,0
7/14/2002,0
7/15/2002,0
7/16/2002,0
7/17/2002,0
7/18/2002,0.52
7/19/2002,0
7/20/2002,0
7/21/2002,0.21
7/22/2002,0.52
7/23/2002,0.01
7/24/2002,0
7/25/2002,0
7/26/2002,0.33
7/27/2002,0.03
7/28/2002,0.12
7/29/2002,0.16
7/30/2002,0
7/31/2002,0
08/01/2002,0
08/02/2002,0.01
08/03/2002,0
08/04/2002,0.12
08/05/2002,0
08/06/2002,0
08/07/2002,0
08/08/2002,0
08/09/2002,0
08/10/2002,0
08/11/2002,0
08/12/2002,0
8/13/2002,0.03
8/14/2002,0
8/15/2002,0
8/16/2002,0.01
8/17/2002,0
8/18/2002,0
8/19/2002,0.13
8/20/2002,0
8/21/2002,0
8/22/2002,0
8/23/2002,0.21
8/24/2002,0.05
8/25/2002,0
8/26/2002,0
8/27/2002,0
8/28/2002,0
8/29/2002,0
8/30/2002,0
8/31/2002,0
09/01/2002,0
09/02/2002,0
09/03/2002,0
09/04/2002,0
09/05/2002,0
09/06/2002,0
09/07/2002,0
09/08/2002,0
09/09/2002,0
09/10/2002,0
09/11/2002,0
09/12/2002,0
9/13/2002,0
9/14/2002,0
9/15/2002,0.03
9/16/2002,0
9/17/2002,0
9/18/2002,0
9/19/2002,0.35
9/20/2002,0.44
9/21/2002,0
9/22/2002,0.01
9/23/2002,0
9/24/2002,0
9/25/2002,0
9/26/2002,0
9/27/2002,0.56
9/28/2002,0
9/29/2002,0
9/30/2002,0
10/01/2002,0
10/02/2002,0.38
10/03/2002,0.12
10/04/2002,0.24
10/05/2002,0
10/06/2002,0.01
10/07/2002,0
10/08/2002,0
10/09/2002,0
10/10/2002,0
10/11/2002,0
10/12/2002,0.02
10/13/2002,0.06
10/14/2002,0
10/15/2002,0
10/16/2002,0
10/17/2002,0
10/18/2002,0.02
10/19/2002,0.21
10/20/2002,0
10/21/2002,0
10/22/2002,0
10/23/2002,0.01
10/24/2002,0
10/25/2002,0.35
10/26/2002,0.01
10/27/2002,0
10/28/2002,0
10/29/2002,0
10/30/2002,0
10/31/2002,0
11/01/2002,0
11/02/2002,0
11/03/2002,0
11/04/2002,0
11/05/2002,0.22
11/06/2002,0
11/07/2002,0.05
11/08/2002,0
11/09/2002,0
11/10/2002,0.8
11/11/2002,0
11/12/2002,0
11/13/2002,0
11/14/2002,0.09
11/15/2002,0.15
11/16/2002,0
11/17/2002,0
11/18/2002,0
11/19/2002,0.19
11/20/2002,0
11/21/2002,0.45
11/22/2002,0.17
11/23/2002,0
11/24/2002,0
11/25/2002,0
11/26/2002,0
11/27/2002,0
11/28/2002,0
11/29/2002,0
11/30/2002,0.03
12/01/2002,0
12/02/2002,0.13
12/03/2002,0
12/04/2002,0
12/05/2002,0
12/06/2002,0
12/07/2002,0
12/08/2002,0
12/09/2002,0
12/10/2002,0
12/11/2002,0
12/12/2002,0
12/13/2002,0.07
12/14/2002,0.01
12/15/2002,0.01
12/16/2002,0
12/17/2002,0
12/18/2002,0.13
12/19/2002,0.64
12/20/2002,0.1
12/21/2002,0
12/22/2002,0
12/23/2002,0
12/24/2002,0.01
12/25/2002,0.14
12/26/2002,0
12/27/2002,0
12/28/2002,0.01
12/29/2002,0
12/30/2002,0.05
12/31/2002,0.01
01/01/2003,0
01/02/2003,0.19
01/03/2003,0
01/04/2003,0
01/05/2003,0.01
01/06/2003,0.04
01/07/2003,0
01/08/2003,0
01/09/2003,0
01/10/2003,0
01/11/2003,0
01/12/2003,0
1/13/2003,0
1/14/2003,0
1/15/2003,0
1/16/2003,0
1/17/2003,0
1/18/2003,0
1/19/2003,0
1/20/2003,0
1/21/2003,0
1/22/2003,0
1/23/2003,0
1/24/2003,0
1/25/2003,0
1/26/2003,0
1/27/2003,0
1/28/2003,0.06
1/29/2003,0
1/30/2003,0
1/31/2003,0
02/01/2003,0.1
02/02/2003,0
02/03/2003,0.25
02/04/2003,0
02/05/2003,0
02/06/2003,0
02/07/2003,0
02/08/2003,0
02/09/2003,0
02/10/2003,0
02/11/2003,0
02/12/2003,0
2/13/2003,0
2/14/2003,0
2/15/2003,0
2/16/2003,0
2/17/2003,0.05
2/18/2003,0.03
2/19/2003,0
2/20/2003,0
2/21/2003,0
2/22/2003,0.15
2/23/2003,0.05
2/24/2003,0
2/25/2003,0
2/26/2003,0
2/27/2003,0
2/28/2003,0
03/01/2003,0
03/02/2003,0.02
03/03/2003,0
03/04/2003,0.02
03/05/2003,0.07
03/06/2003,0
03/07/2003,0
03/08/2003,0.41
03/09/2003,0
03/10/2003,0
03/11/2003,0
03/12/2003,0
3/13/2003,0.19
3/14/2003,0
3/15/2003,0
3/16/2003,0
3/17/2003,0
3/18/2003,0
3/19/2003,0.07
3/20/2003,0.1
3/21/2003,0.07
3/22/2003,0.03
3/23/2003,0
3/24/2003,0
3/25/2003,0.13
3/26/2003,0.01
3/27/2003,0
3/28/2003,0.39
3/29/2003,0.11
3/30/2003,0
3/31/2003,0
04/01/2003,0.02
04/02/2003,0
04/03/2003,0
04/04/2003,0.97
04/05/2003,0.01
04/06/2003,0
04/07/2003,0.16
04/08/2003,0
04/09/2003,0
04/10/2003,0
04/11/2003,0
04/12/2003,0
4/13/2003,0
4/14/2003,0
4/15/2003,0
4/16/2003,0
4/17/2003,0.04
4/18/2003,0.03
4/19/2003,0
4/20/2003,0.11
4/21/2003,0.01
4/22/2003,0
4/23/2003,0
4/24/2003,0
4/25/2003,0
4/26/2003,0
4/27/2003,0
4/28/2003,0
4/29/2003,0
4/30/2003,0.54
05/01/2003,1.23
05/02/2003,0.08
05/03/2003,0
05/04/2003,0
05/05/2003,0.89
05/06/2003,0
05/07/2003,0.07
05/08/2003,0.03
05/09/2003,0.26
05/10/2003,0.12
05/11/2003,0.17
05/12/2003,0.01
5/13/2003,0
5/14/2003,0
5/15/2003,0.04
5/16/2003,0
5/17/2003,0
5/18/2003,0
5/19/2003,0
5/20/2003,0.25
5/21/2003,0
5/22/2003,0
5/23/2003,0.26
5/24/2003,0.01
5/25/2003,0
5/26/2003,0.01
5/27/2003,0.29
5/28/2003,0
5/29/2003,0.71
5/30/2003,0.39
5/31/2003,1
06/01/2003,0
06/02/2003,0
06/03/2003,0
06/04/2003,0.06
06/05/2003,0.01
06/06/2003,0
06/07/2003,0
06/08/2003,0.05
06/09/2003,0
06/10/2003,0.1
06/11/2003,0
06/12/2003,0.77
6/13/2003,0
6/14/2003,0
6/15/2003,0
6/16/2003,0
6/17/2003,0
6/18/2003,0.55
6/19/2003,0.26
6/20/2003,0
6/21/2003,0
6/22/2003,0
6/23/2003,0
6/24/2003,0
6/25/2003,0
6/26/2003,0.01
6/27/2003,0
6/28/2003,0.03
6/29/2003,0.3
6/30/2003,0
07/01/2003,0
07/02/2003,0
07/03/2003,0
07/04/2003,0.02
07/05/2003,0
07/06/2003,0.05
07/07/2003,0.07
07/08/2003,0.18
07/09/2003,0.02
07/10/2003,0.12
07/11/2003,0.08
07/12/2003,0
7/13/2003,0.05
7/14/2003,0
7/15/2003,0
7/16/2003,0
7/17/2003,0
7/18/2003,0.03
7/19/2003,0
7/20/2003,0.03
7/21/2003,0.13
7/22/2003,0
7/23/2003,0
7/24/2003,0
7/25/2003,0
7/26/2003,0
7/27/2003,0
7/28/2003,0
7/29/2003,0
7/30/2003,0
7/31/2003,0
08/01/2003,0.66
08/02/2003,0.08
08/03/2003,0.22
08/04/2003,0.01
08/05/2003,0.98
08/06/2003,0
08/07/2003,0
08/08/2003,0
08/09/2003,0
08/10/2003,0
08/11/2003,0
08/12/2003,0
8/13/2003,0
8/14/2003,0
8/15/2003,0
8/16/2003,0.1
8/17/2003,0
8/18/2003,0
8/19/2003,0
8/20/2003,0
8/21/2003,0
8/22/2003,0
8/23/2003,0
8/24/2003,0
8/25/2003,0
8/26/2003,0.21
8/27/2003,0
8/28/2003,0
8/29/2003,0.06
8/30/2003,0
8/31/2003,0.07
09/01/2003,0.53
09/02/2003,0
09/03/2003,0
09/04/2003,0
09/05/2003,0
09/06/2003,0
09/07/2003,0
09/08/2003,0
09/09/2003,0
09/10/2003,0
09/11/2003,0
09/12/2003,0
9/13/2003,0
9/14/2003,0.05
9/15/2003,0.17
9/16/2003,0
9/17/2003,0
9/18/2003,0
9/19/2003,0.85
9/20/2003,0
9/21/2003,0
9/22/2003,1.2
9/23/2003,0
9/24/2003,0.6
9/25/2003,0
9/26/2003,0.32
9/27/2003,0.08
9/28/2003,0
9/29/2003,0
9/30/2003,0
10/01/2003,0.02
10/02/2003,0
10/03/2003,0.18
10/04/2003,0
10/05/2003,0
10/06/2003,0
10/07/2003,0
10/08/2003,0
10/09/2003,0
10/10/2003,0
10/11/2003,0
10/12/2003,0
10/13/2003,0
10/14/2003,1.36
10/15/2003,0
10/16/2003,0
10/17/2003,0
10/18/2003,0
10/19/2003,0
10/20/2003,0
10/21/2003,0.02
10/22/2003,0
10/23/2003,0
10/24/2003,0
10/25/2003,0.31
10/26/2003,0.14
10/27/2003,0
10/28/2003,0.16
10/29/2003,0
10/30/2003,0
10/31/2003,0
11/01/2003,0
11/02/2003,0.31
11/03/2003,0.6
11/04/2003,0
11/05/2003,0.01
11/06/2003,0
11/07/2003,0
11/08/2003,0
11/09/2003,0
11/10/2003,0
11/11/2003,0.37
11/12/2003,0.01
11/13/2003,0
11/14/2003,0
11/15/2003,0.11
11/16/2003,0.08
11/17/2003,0
11/18/2003,0.57
11/19/2003,0.11
11/20/2003,0
11/21/2003,0
11/22/2003,0
11/23/2003,0
11/24/2003,0.37
11/25/2003,0
11/26/2003,0
11/27/2003,0.04
11/28/2003,0.45
11/29/2003,0
11/30/2003,0
12/01/2003,0
12/02/2003,0
12/03/2003,0
12/04/2003,0
12/05/2003,0
12/06/2003,0
12/07/2003,0
12/08/2003,0
12/09/2003,0
12/10/2003,0.83
12/11/2003,0.01
12/12/2003,0
12/13/2003,0
12/14/2003,0.06
12/15/2003,0
12/16/2003,0.07
12/17/2003,0
12/18/2003,0.01
12/19/2003,0.01
12/20/2003,0.01
12/21/2003,0
12/22/2003,0
12/23/2003,0.57
12/24/2003,0.04
12/25/2003,0.03
12/26/2003,0
12/27/2003,0
12/28/2003,0
12/29/2003,0.46
12/30/2003,0
12/31/2003,0
01/01/2004,0.19
01/02/2004,0.02
01/03/2004,0.01
01/04/2004,0.11
01/05/2004,0.03
01/06/2004,0
01/07/2004,0
01/08/2004,0
01/09/2004,0
01/10/2004,0
01/11/2004,0
01/12/2004,0
1/13/2004,0
1/14/2004,0.25
1/15/2004,0
1/16/2004,0
1/17/2004,0.05
1/18/2004,0
1/19/2004,0
1/20/2004,0
1/21/2004,0
1/22/2004,0
1/23/2004,0.04
1/24/2004,0
1/25/2004,0
1/26/2004,0.02
1/27/2004,0.16
1/28/2004,0
1/29/2004,0
1/30/2004,0
1/31/2004,0
02/01/2004,0
02/02/2004,0
02/03/2004,0.2
02/04/2004,0
02/05/2004,0
02/06/2004,0.01
02/07/2004,0
02/08/2004,0
02/09/2004,0
02/10/2004,0
02/11/2004,0
02/12/2004,0
2/13/2004,0
2/14/2004,0
2/15/2004,0
2/16/2004,0
2/17/2004,0
2/18/2004,0
2/19/2004,0
2/20/2004,0.37
2/21/2004,0
2/22/2004,0
2/23/2004,0.01
2/24/2004,0
2/25/2004,0
2/26/2004,0
2/27/2004,0
2/28/2004,0
2/29/2004,0
03/01/2004,0.06
03/02/2004,0.05
03/03/2004,0.01
03/04/2004,0.29
03/05/2004,0.4
03/06/2004,0
03/07/2004,0.16
03/08/2004,0
03/09/2004,0
03/10/2004,0
03/11/2004,0.04
03/12/2004,0
3/13/2004,0
3/14/2004,0.01
3/15/2004,0
3/16/2004,0.07
3/17/2004,0
3/18/2004,0.01
3/19/2004,0
3/20/2004,0.74
3/21/2004,0
3/22/2004,0
3/23/2004,0
3/24/2004,0.3
3/25/2004,0.11
3/26/2004,0.27
3/27/2004,0.02
3/28/2004,0
3/29/2004,0.11
3/30/2004,0.23
3/31/2004,0
04/01/2004,0.02
04/02/2004,0.01
04/03/2004,0
04/04/2004,0
04/05/2004,0
04/06/2004,0
04/07/2004,0
04/08/2004,0
04/09/2004,0
04/10/2004,0
04/11/2004,0
04/12/2004,0.08
4/13/2004,0
4/14/2004,0
4/15/2004,0
4/16/2004,0
4/17/2004,0
4/18/2004,0
4/19/2004,0
4/20/2004,0.02
4/21/2004,0.19
4/22/2004,0
4/23/2004,0
4/24/2004,0
4/25/2004,0.08
4/26/2004,0.01
4/27/2004,0.01
4/28/2004,0
4/29/2004,0
4/30/2004,0
05/01/2004,0.64
05/02/2004,0.42
05/03/2004,0
05/04/2004,0
05/05/2004,0.05
05/06/2004,0.05
05/07/2004,0.07
05/08/2004,0.05
05/09/2004,0.83
05/10/2004,0.41
05/11/2004,0.01
05/12/2004,0
5/13/2004,0.12
5/14/2004,0.2
5/15/2004,0
5/16/2004,0
5/17/2004,0.11
5/18/2004,0
5/19/2004,0
5/20/2004,0.01
5/21/2004,1.6
5/22/2004,0.38
5/23/2004,1.47
5/24/2004,0.06
5/25/2004,0.01
5/26/2004,0
5/27/2004,0.04
5/28/2004,0
5/29/2004,0
5/30/2004,0.37
5/31/2004,0.08
06/01/2004,0
06/02/2004,0.32
06/03/2004,0
06/04/2004,0
06/05/2004,0
06/06/2004,0
06/07/2004,0
06/08/2004,0
06/09/2004,0.91
06/10/2004,0.76
06/11/2004,0.14
06/12/2004,0.01
6/13/2004,0.01
6/14/2004,0.09
6/15/2004,0
6/16/2004,0.05
6/17/2004,0.08
6/18/2004,0
6/19/2004,0
6/20/2004,0
6/21/2004,0.04
6/22/2004,0
6/23/2004,0
6/24/2004,0.02
6/25/2004,0
6/26/2004,0
6/27/2004,0
6/28/2004,0.02
6/29/2004,0
6/30/2004,0
07/01/2004,0
07/02/2004,0
07/03/2004,0
07/04/2004,0.06
07/05/2004,0
07/06/2004,0
07/07/2004,0.12
07/08/2004,0.01
07/09/2004,0
07/10/2004,0
07/11/2004,0
07/12/2004,0.24
7/13/2004,0.23
7/14/2004,0.31
7/15/2004,0
7/16/2004,0
7/17/2004,0.02
7/18/2004,0
7/19/2004,0
7/20/2004,0
7/21/2004,0.4
7/22/2004,0.07
7/23/2004,0
7/24/2004,0
7/25/2004,0
7/26/2004,0
7/27/2004,0.57
7/28/2004,0.01
7/29/2004,0
7/30/2004,0.21
7/31/2004,0.1
08/01/2004,0
08/02/2004,0
08/03/2004,1.4
08/04/2004,1.09
08/05/2004,0
08/06/2004,0
08/07/2004,0
08/08/2004,0
08/09/2004,0
08/10/2004,0
08/11/2004,0.01
08/12/2004,0
8/13/2004,0
8/14/2004,0.01
8/15/2004,0
8/16/2004,0
8/17/2004,0.02
8/18/2004,0
8/19/2004,0
8/20/2004,0.11
8/21/2004,0
8/22/2004,0
8/23/2004,0.17
8/24/2004,0
8/25/2004,0.12
8/26/2004,0.01
8/27/2004,0
8/28/2004,0.89
8/29/2004,0.69
8/30/2004,0
8/31/2004,0
09/01/2004,0
09/02/2004,0
09/03/2004,0
09/04/2004,0
09/05/2004,0
09/06/2004,0
09/07/2004,0.56
09/08/2004,0.13
09/09/2004,0.06
09/10/2004,0
09/11/2004,0
09/12/2004,0
9/13/2004,0
9/14/2004,0
9/15/2004,0
9/16/2004,0
9/17/2004,0
9/18/2004,0
9/19/2004,0
9/20/2004,0
9/21/2004,0
9/22/2004,0
9/23/2004,0
9/24/2004,0
9/25/2004,0
9/26/2004,0
9/27/2004,0
9/28/2004,0
9/29/2004,0
9/30/2004,0
10/01/2004,0
10/02/2004,0.21
10/03/2004,0
10/04/2004,0
10/05/2004,0
10/06/2004,0
10/07/2004,0
10/08/2004,0.03
10/09/2004,0.01
10/10/2004,0
10/11/2004,0
10/12/2004,0
10/13/2004,0.16
10/14/2004,0.06
10/15/2004,0.42
10/16/2004,0.05
10/17/2004,0.07
10/18/2004,0.01
10/19/2004,0
10/20/2004,0
10/21/2004,0
10/22/2004,0
10/23/2004,0.23
10/24/2004,0
10/25/2004,0
10/26/2004,0
10/27/2004,0
10/28/2004,0
10/29/2004,0.68
10/30/2004,0.15
10/31/2004,0
11/01/2004,0.05
11/02/2004,0.47
11/03/2004,0
11/04/2004,0.62
11/05/2004,0
11/06/2004,0
11/07/2004,0
11/08/2004,0
11/09/2004,0
11/10/2004,0
11/11/2004,0
11/12/2004,0
11/13/2004,0
11/14/2004,0
11/15/2004,0
11/16/2004,0
11/17/2004,0.08
11/18/2004,0
11/19/2004,0.2
11/20/2004,0.04
11/21/2004,0
11/22/2004,0
11/23/2004,0
11/24/2004,0.81
11/25/2004,0.01
11/26/2004,0.01
11/27/2004,0.14
11/28/2004,0.1
11/29/2004,0.03
11/30/2004,0.26
12/01/2004,0.32
12/02/2004,0
12/03/2004,0
12/04/2004,0
12/05/2004,0
12/06/2004,0.09
12/07/2004,1.14
12/08/2004,0
12/09/2004,0
12/10/2004,0.24
12/11/2004,0.04
12/12/2004,0.05
12/13/2004,0.01
12/14/2004,0
12/15/2004,0
12/16/2004,0
12/17/2004,0
12/18/2004,0.01
12/19/2004,0
12/20/2004,0
12/21/2004,0
12/22/2004,0.01
12/23/2004,0.29
12/24/2004,0
12/25/2004,0
12/26/2004,0.03
12/27/2004,0
12/28/2004,0
12/29/2004,0
12/30/2004,0.02
12/31/2004,0.18
01/01/2005,0.01
01/02/2005,0.21
01/03/2005,0.21
01/04/2005,0
01/05/2005,0.13
01/06/2005,0.18
01/07/2005,0
01/08/2005,0.19
01/09/2005,0
01/10/2005,0
01/11/2005,0.12
01/12/2005,0.45
1/13/2005,0.43
1/14/2005,0
1/15/2005,0
1/16/2005,0
1/17/2005,0
1/18/2005,0
1/19/2005,0.02
1/20/2005,0
1/21/2005,0
1/22/2005,0.17
1/23/2005,0
1/24/2005,0
1/25/2005,0
1/26/2005,0
1/27/2005,0
1/28/2005,0
1/29/2005,0
1/30/2005,0
1/31/2005,0
02/01/2005,0
02/02/2005,0
02/03/2005,0
02/04/2005,0
02/05/2005,0
02/06/2005,0
02/07/2005,0.21
02/08/2005,0.11
02/09/2005,0.15
02/10/2005,0
02/11/2005,0
02/12/2005,0
2/13/2005,0.07
2/14/2005,0.4
2/15/2005,0.62
2/16/2005,0.21
2/17/2005,0
2/18/2005,0
2/19/2005,0
2/20/2005,0.24
2/21/2005,0
2/22/2005,0.03
2/23/2005,0
2/24/2005,0
2/25/2005,0.02
2/26/2005,0
2/27/2005,0
2/28/2005,0.16
03/01/2005,0.24
03/02/2005,0
03/03/2005,0
03/04/2005,0
03/05/2005,0
03/06/2005,0
03/07/2005,0.02
03/08/2005,0
03/09/2005,0
03/10/2005,0.02
03/11/2005,0
03/12/2005,0.06
3/13/2005,0
3/14/2005,0
3/15/2005,0
3/16/2005,0
3/17/2005,0
3/18/2005,0.01
3/19/2005,0.09
3/20/2005,0
3/21/2005,0
3/22/2005,0
3/23/2005,0.11
3/24/2005,0
3/25/2005,0
3/26/2005,0
3/27/2005,0
3/28/2005,0
3/31/2005,0
04/02/2005,0.32
04/03/2005,0
04/04/2005,0
04/05/2005,0
04/06/2005,0
04/07/2005,0.02
04/08/2005,0
04/09/2005,0
04/10/2005,0
04/11/2005,0
04/12/2005,0
4/13/2005,0
4/14/2005,0
4/15/2005,0
4/16/2005,0
4/17/2005,0
4/18/2005,0
4/19/2005,0
4/20/2005,0.09
4/21/2005,0
4/22/2005,0.16
4/23/2005,0.45
4/24/2005,0.29
4/25/2005,0.01
4/26/2005,0.43
4/27/2005,0.06
4/28/2005,0
4/29/2005,0
4/30/2005,0
05/01/2005,0.01
05/02/2005,0
05/03/2005,0
05/04/2005,0
05/05/2005,0
05/06/2005,0
05/07/2005,0.05
05/08/2005,0
05/09/2005,0
05/10/2005,0
05/11/2005,0.05
05/12/2005,0
5/13/2005,0.38
5/14/2005,0.08
5/15/2005,0
5/16/2005,0
5/17/2005,0
5/18/2005,0
5/19/2005,0.22
5/20/2005,0
5/21/2005,0
5/22/2005,0.16
5/23/2005,0.14
5/24/2005,0.01
5/25/2005,0
5/26/2005,0
5/27/2005,0
5/28/2005,0.11
5/29/2005,0
5/30/2005,0
5/31/2005,0
06/01/2005,0
06/02/2005,0
06/03/2005,0
06/04/2005,0
06/05/2005,0.09
06/06/2005,0
06/07/2005,0
06/08/2005,0
06/09/2005,0
06/10/2005,0
06/11/2005,0.07
06/12/2005,0
6/13/2005,0.35
6/14/2005,0.05
6/15/2005,0.12
6/16/2005,0.34
6/17/2005,0
6/18/2005,0
6/19/2005,0
6/20/2005,0
6/21/2005,0.05
6/22/2005,0
6/23/2005,0
6/24/2005,0
6/25/2005,0
6/26/2005,0
6/27/2005,0
6/28/2005,0.07
6/29/2005,0.41
6/30/2005,0.25
07/01/2005,0
07/02/2005,0
07/03/2005,0
07/04/2005,0.12
07/05/2005,0.07
07/06/2005,0
07/07/2005,0
07/08/2005,0.08
07/09/2005,0
07/10/2005,0
07/11/2005,0
07/12/2005,0
7/13/2005,0
7/14/2005,0
7/15/2005,0
7/16/2005,0.31
7/17/2005,0
7/18/2005,0.46
7/19/2005,0
7/20/2005,0.4
7/21/2005,0.06
7/22/2005,0
7/23/2005,0
7/24/2005,1.01
7/25/2005,0
7/26/2005,0.54
7/27/2005,0.52
7/28/2005,0
7/29/2005,0
7/30/2005,0
7/31/2005,0
08/01/2005,0
08/02/2005,0
08/03/2005,0
08/04/2005,0
08/05/2005,0
08/06/2005,0
08/07/2005,0
08/08/2005,0
08/09/2005,0
08/10/2005,0.19
08/11/2005,0
08/12/2005,0.01
8/13/2005,0.21
8/14/2005,0.24
8/15/2005,0
8/16/2005,0
8/17/2005,0
8/18/2005,0
8/19/2005,0
8/20/2005,0.26
8/21/2005,0
8/22/2005,0
8/23/2005,0
8/24/2005,0
8/25/2005,0
8/26/2005,0
8/27/2005,0.72
8/28/2005,0
8/29/2005,0
8/30/2005,0.14
8/31/2005,0.01
09/01/2005,0
09/02/2005,0
09/03/2005,0
09/04/2005,0
09/05/2005,0
09/06/2005,0
09/07/2005,0
09/08/2005,0.09
09/09/2005,0
09/10/2005,0
09/11/2005,0
09/12/2005,0
9/13/2005,0
9/14/2005,0
9/15/2005,0
9/16/2005,0.95
9/17/2005,0.03
9/18/2005,0
9/19/2005,0.01
9/20/2005,0
9/21/2005,0
9/22/2005,1.06
9/23/2005,0
9/24/2005,0
9/25/2005,0.18
9/26/2005,0.25
9/27/2005,0
9/28/2005,0.18
9/29/2005,0.19
9/30/2005,0
10/01/2005,0
10/02/2005,0
10/03/2005,0.28
10/04/2005,0
10/05/2005,0
10/06/2005,0
10/07/2005,0
10/08/2005,0
10/09/2005,0
10/10/2005,0.01
10/11/2005,0
10/12/2005,0.04
10/13/2005,0
10/14/2005,0
10/15/2005,0
10/16/2005,0
10/17/2005,0.03
10/18/2005,0
10/19/2005,0
10/20/2005,0
10/21/2005,0
10/22/2005,0
10/23/2005,0
10/24/2005,0.05
10/25/2005,0
10/26/2005,0
10/27/2005,0.01
10/28/2005,0
10/29/2005,0
10/30/2005,0
10/31/2005,0.05
11/01/2005,0.21
11/02/2005,0
11/03/2005,0
11/04/2005,0
11/05/2005,0
11/06/2005,0.06
11/07/2005,0
11/08/2005,0
11/09/2005,0.27
11/10/2005,0
11/11/2005,0
11/12/2005,0
11/13/2005,0.08
11/14/2005,0.06
11/15/2005,1.38
11/16/2005,0.09
11/17/2005,0
11/18/2005,0
11/19/2005,0
11/20/2005,0
11/21/2005,0
11/22/2005,0
11/23/2005,0.05
11/24/2005,0
11/25/2005,0
11/26/2005,0.02
11/27/2005,0.11
11/28/2005,0.55
11/29/2005,0.07
11/30/2005,0
12/01/2005,0.01
12/02/2005,0
12/03/2005,0.05
12/04/2005,0.03
12/05/2005,0
12/06/2005,0
12/07/2005,0
12/08/2005,0.08
12/09/2005,0.13
12/10/2005,0
12/11/2005,0
12/12/2005,0
12/13/2005,0
12/14/2005,0
12/15/2005,0.32
12/16/2005,0
12/17/2005,0
12/18/2005,0
12/19/2005,0
12/20/2005,0
12/21/2005,0
12/22/2005,0.01
12/23/2005,0
12/24/2005,0.09
12/25/2005,0.6
12/26/2005,0.02
12/27/2005,0
12/28/2005,0.08
12/29/2005,0.15
12/30/2005,0
12/31/2005,0.06
01/01/2006,0.01
01/02/2006,0.06
01/03/2006,0
01/04/2006,0.04
01/05/2006,0.04
01/06/2006,0
01/07/2006,0.03
01/08/2006,0
01/09/2006,0
01/10/2006,0.1
01/11/2006,0.02
01/12/2006,0
1/13/2006,0.18
1/14/2006,0.02
1/15/2006,0
1/16/2006,0
1/17/2006,0.75
1/18/2006,0.22
1/19/2006,0
1/20/2006,0.27
1/21/2006,0.32
1/22/2006,0
1/23/2006,0
1/24/2006,0.01
1/25/2006,0
1/26/2006,0
1/27/2006,0
1/28/2006,0
1/29/2006,0.51
1/30/2006,0
1/31/2006,0
02/01/2006,0
02/02/2006,0.11
02/03/2006,0.25
02/04/2006,0.66
02/05/2006,0.02
02/06/2006,0
02/07/2006,0
02/08/2006,0
02/09/2006,0
02/10/2006,0.02
02/11/2006,0.01
02/12/2006,0
2/13/2006,0
2/14/2006,0
2/15/2006,0.03
2/16/2006,0.94
2/17/2006,0.02
2/18/2006,0
2/19/2006,0
2/20/2006,0
2/21/2006,0
2/22/2006,0
2/23/2006,0
2/24/2006,0
2/25/2006,0
2/26/2006,0
2/27/2006,0
2/28/2006,0
03/01/2006,0
03/02/2006,0.17
03/03/2006,0
03/04/2006,0
03/05/2006,0
03/06/2006,0
03/07/2006,0
03/08/2006,0.11
03/09/2006,0.55
03/10/2006,0.12
03/11/2006,0
03/12/2006,0.4
3/13/2006,0.72
3/14/2006,0
3/15/2006,0
3/16/2006,0
3/17/2006,0
3/18/2006,0
3/19/2006,0
3/20/2006,0
3/21/2006,0
3/22/2006,0
3/23/2006,0
3/24/2006,0
3/25/2006,0.03
3/26/2006,0
3/27/2006,0
3/28/2006,0
3/29/2006,0
3/30/2006,0
3/31/2006,0.63
04/01/2006,0
04/02/2006,0.07
04/03/2006,0.2
04/04/2006,0.03
04/05/2006,0
04/06/2006,0
04/07/2006,0.52
04/08/2006,0
04/09/2006,0
04/10/2006,0
04/11/2006,0
04/12/2006,0.48
4/13/2006,0
4/14/2006,0.2
4/15/2006,0
4/16/2006,0
4/17/2006,0
4/18/2006,0
4/19/2006,0
4/20/2006,0
4/21/2006,0.19
4/22/2006,0.07
4/23/2006,0.43
4/24/2006,0
4/25/2006,0.03
4/26/2006,0
4/27/2006,0
4/28/2006,0
4/29/2006,0
4/30/2006,0
05/01/2006,0
05/02/2006,0.28
05/03/2006,0
05/04/2006,0.04
05/05/2006,0
05/06/2006,0
05/07/2006,0
05/08/2006,0
05/09/2006,0
05/10/2006,0.82
05/11/2006,0.71
05/12/2006,0.25
5/13/2006,0.14
5/14/2006,0.35
5/15/2006,0.47
5/16/2006,0.12
5/17/2006,0.27
5/18/2006,0.11
5/19/2006,0.02
5/20/2006,0
5/21/2006,0.18
5/22/2006,0
5/23/2006,0
5/24/2006,0
5/25/2006,0.25
5/26/2006,0.03
5/27/2006,0
5/28/2006,0
5/29/2006,0
5/30/2006,0.01
5/31/2006,0.21
06/01/2006,0
06/02/2006,0
06/03/2006,0.21
06/04/2006,0.13
06/05/2006,0
06/06/2006,0
06/07/2006,0
06/08/2006,0.02
06/09/2006,0
06/10/2006,0
06/11/2006,0
06/12/2006,0
6/13/2006,0
6/14/2006,0
6/15/2006,0
6/16/2006,0
6/17/2006,0
6/18/2006,0.04
6/19/2006,0.02
6/20/2006,0
6/21/2006,1.45
6/22/2006,0
6/23/2006,0
6/24/2006,0
6/25/2006,0
6/26/2006,0
6/27/2006,0.89
6/28/2006,0.01
6/29/2006,0
6/30/2006,0
07/01/2006,0
07/02/2006,0.01
07/03/2006,0.04
07/04/2006,0.07
07/05/2006,0
07/06/2006,0
07/07/2006,0
07/08/2006,0
07/09/2006,0
07/10/2006,0.1
07/11/2006,0.81
07/12/2006,0.64
7/13/2006,0
7/14/2006,0.23
7/15/2006,0
7/16/2006,0
7/17/2006,0.26
7/18/2006,0.13
7/19/2006,0
7/20/2006,0
7/21/2006,0
7/22/2006,0
7/23/2006,0
7/24/2006,0
7/25/2006,0.03
7/26/2006,1.47
7/27/2006,0.16
7/28/2006,0.01
7/29/2006,0
7/30/2006,0
7/31/2006,0
08/01/2006,0
08/02/2006,0
08/03/2006,0.41
08/04/2006,0
08/05/2006,0
08/06/2006,0
08/07/2006,0
08/08/2006,0
08/09/2006,0
08/10/2006,0
08/11/2006,0
08/12/2006,0
8/13/2006,0
8/14/2006,0
8/15/2006,0
8/16/2006,0
8/17/2006,0
8/18/2006,0.01
8/19/2006,0.3
8/20/2006,0
8/21/2006,0
8/22/2006,0
8/23/2006,0
8/24/2006,0.09
8/25/2006,0
8/26/2006,0.14
8/27/2006,0.44
8/28/2006,0.72
8/29/2006,0.04
8/30/2006,0
8/31/2006,0
09/01/2006,0
09/02/2006,0.12
09/03/2006,0
09/04/2006,0
09/05/2006,0
09/06/2006,0.23
09/07/2006,0
09/08/2006,0
09/09/2006,0.13
09/10/2006,0
09/11/2006,0
09/12/2006,0.77
9/13/2006,0.65
9/14/2006,0
9/15/2006,0
9/16/2006,0
9/17/2006,0
9/18/2006,0.36
9/19/2006,0
9/20/2006,0
9/21/2006,0
9/22/2006,0.1
9/23/2006,0.2
9/24/2006,0
9/25/2006,0
9/26/2006,0
9/27/2006,0.02
9/28/2006,0
9/29/2006,0
9/30/2006,0.21
10/01/2006,0
10/02/2006,0.11
10/03/2006,0.29
10/04/2006,0.37
10/05/2006,0
10/06/2006,0
10/07/2006,0
10/08/2006,0
10/09/2006,0
10/10/2006,0.1
10/11/2006,0.35
10/12/2006,0.04
10/13/2006,0
10/14/2006,0
10/15/2006,0
10/16/2006,0.1
10/17/2006,1.01
10/18/2006,0
10/19/2006,0.04
10/20/2006,0.06
10/21/2006,0.01
10/22/2006,0.23
10/23/2006,0
10/24/2006,0
10/25/2006,0
10/26/2006,0
10/27/2006,0.85
10/28/2006,0.17
10/29/2006,0
10/30/2006,0
10/31/2006,0
11/01/2006,0
11/02/2006,0
11/03/2006,0
11/04/2006,0
11/05/2006,0
11/06/2006,0
11/07/2006,0.66
11/08/2006,0
11/09/2006,0
11/10/2006,0.01
11/11/2006,0.31
11/12/2006,0
11/13/2006,0
11/14/2006,0
11/15/2006,0.15
11/16/2006,0.54
11/17/2006,0.06
11/18/2006,0
11/19/2006,0
11/20/2006,0
11/21/2006,0
11/22/2006,0
11/23/2006,0
11/24/2006,0
11/25/2006,0
11/26/2006,0
11/27/2006,0
11/28/2006,0
11/29/2006,0.05
11/30/2006,1.12
12/01/2006,1.02
12/02/2006,0
12/03/2006,0
12/04/2006,0
12/05/2006,0
12/06/2006,0
12/07/2006,0.01
12/08/2006,0
12/09/2006,0
12/10/2006,0
12/11/2006,0.02
12/12/2006,0.57
12/13/2006,0.03
12/14/2006,0
12/15/2006,0
12/16/2006,0
12/17/2006,0
12/18/2006,0.01
12/19/2006,0
12/20/2006,0
12/21/2006,0.15
12/22/2006,0.49
12/23/2006,0
12/24/2006,0.04
12/25/2006,0.05
12/26/2006,0.12
12/27/2006,0
12/28/2006,0
12/29/2006,0
12/30/2006,0
12/31/2006,0.57
01/01/2007,0
01/02/2007,0
01/03/2007,0
01/04/2007,0.64
01/05/2007,0.67
01/06/2007,0.1
01/07/2007,0.03
01/08/2007,0.08
01/09/2007,0
01/10/2007,0
01/11/2007,0.04
01/12/2007,0.13
1/13/2007,0.12
1/14/2007,0.29
1/15/2007,0.58
1/16/2007,0
1/17/2007,0
1/18/2007,0.03
1/19/2007,0
1/20/2007,0
1/21/2007,0.04
1/22/2007,0
1/23/2007,0
1/24/2007,0.03
1/25/2007,0
1/26/2007,0.07
1/27/2007,0
1/28/2007,0
1/29/2007,0
1/30/2007,0.01
1/31/2007,0
02/01/2007,0
02/02/2007,0
02/03/2007,0
02/04/2007,0
02/05/2007,0
02/06/2007,0
02/07/2007,0
02/08/2007,0
02/09/2007,0
02/10/2007,0
02/11/2007,0
02/12/2007,0.03
2/13/2007,0.02
2/14/2007,0.02
2/15/2007,0
2/16/2007,0
2/18/2007,0
2/19/2007,0
2/20/2007,0
2/21/2007,0
2/22/2007,0
2/23/2007,0
2/24/2007,0
2/25/2007,0.25
2/26/2007,0
2/27/2007,0
2/28/2007,0
03/01/2007,1.08
03/02/2007,0.13
03/03/2007,0
03/04/2007,0
03/05/2007,0
03/06/2007,0.03
03/07/2007,0.04
03/08/2007,0
03/09/2007,0
03/10/2007,0.06
03/11/2007,0
03/12/2007,0.01
3/14/2007,0.35
3/15/2007,0.06
3/16/2007,0
3/17/2007,0
3/18/2007,0
3/19/2007,0.12
3/20/2007,0
3/21/2007,0.07
3/22/2007,0.21
3/23/2007,0
3/24/2007,0
3/25/2007,0.02
3/26/2007,0.01
3/27/2007,0.25
3/28/2007,0
3/29/2007,0
3/30/2007,0
3/31/2007,0
04/01/2007,0.51
04/02/2007,0
04/03/2007,0
04/04/2007,0.02
04/05/2007,0
04/06/2007,0
04/07/2007,0.01
04/08/2007,0
04/09/2007,0
04/10/2007,0
04/11/2007,0.66
04/12/2007,0.03
4/13/2007,0
4/14/2007,0.02
4/15/2007,0
4/16/2007,0
4/17/2007,0
4/18/2007,0
4/19/2007,0
4/20/2007,0
4/21/2007,0
4/22/2007,0
4/23/2007,0
4/24/2007,0
4/25/2007,0.62
4/26/2007,0.61
4/27/2007,0.07
4/28/2007,0.02
4/29/2007,0.01
4/30/2007,0.06
05/01/2007,1.23
05/02/2007,0
05/03/2007,0
05/04/2007,0
05/05/2007,0
05/06/2007,0
05/07/2007,0
05/08/2007,0
05/09/2007,0.61
05/10/2007,0
05/11/2007,0
05/12/2007,0
5/13/2007,0
5/14/2007,0
5/15/2007,0.42
5/16/2007,0.07
5/17/2007,0.05
5/18/2007,0
5/19/2007,0.01
5/20/2007,0
5/21/2007,0
5/22/2007,0
5/23/2007,0
5/24/2007,0
5/25/2007,0
5/26/2007,0.51
5/27/2007,0.03
5/28/2007,0
5/29/2007,0
5/30/2007,0
5/31/2007,0
06/01/2007,0
06/02/2007,0.09
06/03/2007,0.45
06/04/2007,0.09
06/05/2007,0.22
06/06/2007,0
06/07/2007,0
06/08/2007,0.14
06/09/2007,0
06/10/2007,0
06/11/2007,0
06/12/2007,0
6/13/2007,0
6/14/2007,0
6/15/2007,0
6/16/2007,0
6/17/2007,0
6/18/2007,0
6/19/2007,0.04
6/20/2007,0
6/21/2007,0.06
6/22/2007,0
6/23/2007,0
6/24/2007,0
6/25/2007,0
6/26/2007,0
6/27/2007,0.7
6/28/2007,0
6/29/2007,0
6/30/2007,0
07/01/2007,0
07/02/2007,0
07/03/2007,0
07/04/2007,0.04
07/05/2007,0.1
07/06/2007,0
07/07/2007,0
07/08/2007,0
07/09/2007,0
07/10/2007,0
07/11/2007,0
07/12/2007,0
7/13/2007,0
7/14/2007,0
7/15/2007,0
7/16/2007,0
7/17/2007,0.1
7/18/2007,0.01
7/19/2007,0.32
7/20/2007,0
7/21/2007,0
7/22/2007,0
7/23/2007,0
7/24/2007,0.01
7/25/2007,0
7/26/2007,0
7/27/2007,0.18
7/28/2007,0
7/29/2007,0
7/30/2007,0
7/31/2007,0
08/01/2007,0
08/02/2007,0
08/03/2007,0
08/04/2007,0
08/05/2007,0.13
08/06/2007,0.33
08/07/2007,0.38
08/08/2007,0
08/09/2007,0.05
08/10/2007,0
08/11/2007,0
08/12/2007,0
8/13/2007,0
8/14/2007,0
8/15/2007,0
8/16/2007,0
8/17/2007,0
8/18/2007,0.02
8/19/2007,0.53
8/20/2007,2.01
8/21/2007,0
8/22/2007,0.01
8/23/2007,0.76
8/24/2007,1.42
8/25/2007,0.08
8/26/2007,0
8/27/2007,0
8/28/2007,0
8/29/2007,0.16
8/30/2007,0
8/31/2007,0
09/01/2007,0
09/02/2007,0
09/03/2007,0
09/04/2007,0
09/05/2007,0
09/06/2007,0
09/07/2007,0.07
09/08/2007,0.14
09/09/2007,0.13
09/10/2007,0
09/11/2007,0.86
09/12/2007,0
9/13/2007,0
9/14/2007,0
9/15/2007,0
9/16/2007,0
9/17/2007,0
9/18/2007,0
9/19/2007,0
9/20/2007,0
9/21/2007,0
9/22/2007,0
9/23/2007,0
9/24/2007,0
9/25/2007,0.05
9/26/2007,0.18
9/27/2007,0
9/28/2007,0
9/29/2007,0
9/30/2007,0
10/01/2007,0.67
10/02/2007,0
10/03/2007,0.02
10/04/2007,0
10/05/2007,0
10/06/2007,0
10/07/2007,0
10/08/2007,0
10/09/2007,0.01
10/10/2007,0
10/11/2007,0.48
10/12/2007,0
10/13/2007,0
10/14/2007,0.04
10/15/2007,0
10/16/2007,0.08
10/17/2007,0
10/18/2007,0.1
10/19/2007,0
10/20/2007,0
10/21/2007,0
10/22/2007,0.13
10/23/2007,0.48
10/24/2007,0
10/25/2007,0
10/26/2007,0.21
10/27/2007,0.09
10/28/2007,0
10/29/2007,0
10/30/2007,0
10/31/2007,0.04
11/01/2007,0
11/02/2007,0
11/03/2007,0
11/04/2007,0
11/05/2007,0.02
11/06/2007,0.03
11/07/2007,0
11/08/2007,0
11/09/2007,0.01
11/10/2007,0
11/11/2007,0
11/12/2007,0
11/13/2007,0
11/14/2007,0
11/15/2007,0
11/16/2007,0
11/17/2007,0
11/18/2007,0
11/19/2007,0
11/20/2007,0.01
11/21/2007,1.26
11/22/2007,0.14
11/23/2007,0
11/24/2007,0
11/25/2007,0.08
11/26/2007,0.21
11/27/2007,0
11/28/2007,0
11/29/2007,0
11/30/2007,0
12/01/2007,0.14
12/02/2007,0.93
12/03/2007,0
12/04/2007,0
12/05/2007,0.01
12/06/2007,0
12/07/2007,0
12/08/2007,0
12/09/2007,0.01
12/10/2007,0
12/11/2007,0.59
12/12/2007,0.18
12/13/2007,0.01
12/14/2007,0
12/15/2007,0.04
12/16/2007,0.26
12/17/2007,0
12/18/2007,0
12/19/2007,0
12/20/2007,0
12/21/2007,0
12/22/2007,0
12/23/2007,0.41
12/24/2007,0
12/25/2007,0
12/26/2007,0
12/27/2007,0
12/28/2007,0.19
12/29/2007,0
12/30/2007,0
12/31/2007,0.02
01/01/2008,0.25
01/02/2008,0
01/03/2008,0
01/04/2008,0
01/05/2008,0.01
01/06/2008,0
01/07/2008,0.03
01/08/2008,0.5
01/09/2008,0.28
01/10/2008,0.17
01/11/2008,0.04
01/12/2008,0
1/13/2008,0
1/14/2008,0.01
1/15/2008,0.02
1/16/2008,0
1/17/2008,0.01
1/18/2008,0
1/19/2008,0
1/20/2008,0
1/21/2008,0
1/22/2008,0.02
1/23/2008,0
1/24/2008,0
1/25/2008,0
1/26/2008,0.01
1/27/2008,0
1/28/2008,0.09
1/29/2008,0.23
1/30/2008,0.01
1/31/2008,0
02/01/2008,0.12
02/02/2008,0
02/03/2008,0
02/04/2008,0.03
02/05/2008,0.59
02/06/2008,0.83
02/07/2008,0
02/08/2008,0.04
02/09/2008,0.14
02/10/2008,0
02/11/2008,0
02/12/2008,0
2/13/2008,0
2/14/2008,0
2/15/2008,0
2/16/2008,0
2/17/2008,0.49
2/18/2008,0
2/19/2008,0
2/20/2008,0
2/21/2008,0
2/22/2008,0.01
2/23/2008,0
2/24/2008,0
2/25/2008,0
2/26/2008,0.21
2/27/2008,0
2/28/2008,0
2/29/2008,0
03/01/2008,0
03/02/2008,0
03/03/2008,0.28
03/04/2008,0.17
03/05/2008,0.16
03/06/2008,0
03/07/2008,0
03/08/2008,0
03/09/2008,0
03/10/2008,0
03/11/2008,0
03/12/2008,0
3/13/2008,0
3/14/2008,0
3/15/2008,0
3/16/2008,0
3/17/2008,0.01
3/18/2008,0.19
3/19/2008,0.24
3/20/2008,0
3/21/2008,0.21
3/22/2008,0
3/23/2008,0
3/24/2008,0
3/25/2008,0
3/26/2008,0
3/27/2008,0.31
3/28/2008,0.01
3/29/2008,0
3/30/2008,0.2
3/31/2008,0.31
04/01/2008,0.18
04/02/2008,0
04/03/2008,0.01
04/04/2008,0.09
04/05/2008,0
04/06/2008,0
04/07/2008,0
04/08/2008,0
04/09/2008,0
04/10/2008,0.14
04/11/2008,0.13
04/12/2008,0.13
4/13/2008,0.02
4/14/2008,0
4/15/2008,0
4/16/2008,0
4/17/2008,0
4/18/2008,0
4/19/2008,0
4/20/2008,0
4/21/2008,0
4/22/2008,0
4/23/2008,0
4/24/2008,0
4/25/2008,0.09
4/26/2008,0
4/27/2008,0
4/28/2008,0.06
4/29/2008,0
4/30/2008,0
05/01/2008,0
05/02/2008,0.31
05/03/2008,0.08
05/04/2008,0
05/05/2008,0
05/06/2008,0
05/07/2008,0.35
05/08/2008,0
05/09/2008,0
05/10/2008,0
05/11/2008,0.47
05/12/2008,0.07
5/13/2008,0
5/14/2008,0.26
5/15/2008,0
5/16/2008,0
5/17/2008,0.22
5/18/2008,0.01
5/19/2008,0
5/20/2008,0
5/21/2008,0.1
5/22/2008,0
5/23/2008,0
5/24/2008,0
5/25/2008,0
5/26/2008,0
5/27/2008,0
5/28/2008,0
5/29/2008,0
5/30/2008,0.44
5/31/2008,0
06/01/2008,0
06/02/2008,0
06/03/2008,0.95
06/04/2008,0.1
06/05/2008,0
06/06/2008,0.1
06/07/2008,0
06/08/2008,0.34
06/09/2008,0.12
06/10/2008,0.54
06/11/2008,0
06/12/2008,0
6/13/2008,0.5
6/14/2008,0.42
6/15/2008,0.06
6/16/2008,0
6/17/2008,0
6/18/2008,0
6/19/2008,0
6/20/2008,0
6/21/2008,0.3
6/22/2008,0
6/23/2008,0.19
6/24/2008,0
6/25/2008,0.49
6/26/2008,0.04
6/27/2008,0.54
6/28/2008,0.69
6/29/2008,0.05
6/30/2008,0.02
07/01/2008,0
07/02/2008,1.23
07/03/2008,0.09
07/04/2008,0
07/05/2008,0
07/06/2008,0
07/07/2008,0.04
07/08/2008,0.12
07/09/2008,0
07/10/2008,0
07/11/2008,0
07/12/2008,0.48
7/13/2008,0
7/14/2008,0
7/15/2008,0
7/16/2008,0.54
7/17/2008,0
7/18/2008,0
7/19/2008,0.17
7/20/2008,0.19
7/21/2008,0.14
7/22/2008,0
7/23/2008,0.01
7/24/2008,0
7/25/2008,0
7/26/2008,0
7/27/2008,0
7/28/2008,0
7/29/2008,0
7/30/2008,0
7/31/2008,0
08/01/2008,0
08/02/2008,0
08/03/2008,0
08/04/2008,0
08/05/2008,0.03
08/06/2008,0
08/07/2008,0.01
08/08/2008,0
08/09/2008,0.41
08/10/2008,0
08/11/2008,0
08/12/2008,0
8/13/2008,0.05
8/14/2008,0
8/15/2008,0
8/16/2008,0
8/17/2008,0
8/18/2008,0
8/19/2008,0
8/20/2008,0
8/21/2008,0
8/22/2008,0
8/23/2008,0.22
8/24/2008,0
8/25/2008,0
8/26/2008,0
8/27/2008,0
8/28/2008,0.14
8/29/2008,0.01
8/30/2008,0
8/31/2008,0
09/01/2008,0
09/02/2008,0
09/03/2008,0.15
09/04/2008,0.01
09/05/2008,0.01
09/06/2008,0
09/07/2008,0.39
09/08/2008,0.38
09/09/2008,0.12
09/10/2008,0
09/11/2008,0
09/12/2008,0.05
9/13/2008,2.33
9/14/2008,0.98
9/15/2008,0
9/16/2008,0
9/17/2008,0
9/18/2008,0
9/19/2008,0
9/20/2008,0
9/21/2008,0
9/22/2008,0
9/23/2008,0
9/24/2008,0
9/25/2008,0
9/26/2008,0
9/27/2008,0
9/28/2008,0
9/29/2008,0.39
9/30/2008,0.07
10/01/2008,0
10/02/2008,0.27
10/03/2008,0
10/04/2008,0
10/05/2008,0
10/06/2008,0
10/07/2008,0
10/08/2008,0.14
10/09/2008,0
10/10/2008,0
10/11/2008,0
10/12/2008,0
10/13/2008,0
10/14/2008,0.01
10/15/2008,0.49
10/16/2008,0.03
10/17/2008,0
10/18/2008,0
10/19/2008,0
10/20/2008,0.18
10/21/2008,0
10/22/2008,0
10/23/2008,0
10/24/2008,0.12
10/25/2008,0
10/26/2008,0
10/27/2008,0.04
10/28/2008,0
10/29/2008,0
10/30/2008,0
10/31/2008,0
11/01/2008,0
11/02/2008,0
11/03/2008,0.42
11/04/2008,0
11/05/2008,0
11/06/2008,0
11/07/2008,0.11
11/08/2008,0.01
11/09/2008,0.01
11/10/2008,0.03
11/11/2008,0
11/12/2008,0.16
11/13/2008,0.44
11/14/2008,0.17
11/15/2008,1.1
11/16/2008,0.14
11/17/2008,0
11/18/2008,0
11/19/2008,0
11/20/2008,0
11/21/2008,0
11/22/2008,0
11/23/2008,0
11/24/2008,0.04
11/25/2008,0.02
11/26/2008,0
11/27/2008,0
11/28/2008,0
11/29/2008,0
11/30/2008,0.53
12/01/2008,0
12/02/2008,0.01
12/03/2008,0
12/04/2008,0
12/05/2008,0
12/06/2008,0
12/07/2008,0
12/08/2008,0
12/09/2008,0.8
12/10/2008,0.04
12/11/2008,0
12/12/2008,0
12/13/2008,0.01
12/14/2008,0.01
12/15/2008,0.13
12/16/2008,0.13
12/17/2008,0.01
12/18/2008,0
12/19/2008,0.38
12/20/2008,0
12/21/2008,0.04
12/22/2008,0
12/23/2008,0.2
12/24/2008,0.24
12/25/2008,0
12/26/2008,0.19
12/27/2008,0.11
12/28/2008,0.2
12/29/2008,0
12/30/2008,0
12/31/2008,0.01
01/01/2009,0
01/02/2009,0
01/03/2009,0
01/04/2009,0
01/05/2009,0
01/06/2009,0
01/07/2009,0.02
01/08/2009,0
01/09/2009,0.02
01/10/2009,0.09
01/11/2009,0
01/12/2009,0
1/13/2009,0.05
1/14/2009,0
1/15/2009,0
1/16/2009,0
1/17/2009,0.03
1/18/2009,0
1/19/2009,0
1/20/2009,0
1/21/2009,0
1/22/2009,0
1/23/2009,0.01
1/24/2009,0
1/25/2009,0
1/26/2009,0
1/27/2009,0
1/28/2009,0.17
1/29/2009,0
1/30/2009,0
1/31/2009,0
02/01/2009,0
02/02/2009,0
02/03/2009,0
02/04/2009,0
02/05/2009,0
02/06/2009,0
02/07/2009,0
02/08/2009,0
02/09/2009,0
02/10/2009,0.1
02/11/2009,0.9
02/12/2009,0.05
2/13/2009,0
2/14/2009,0.08
2/15/2009,0
2/16/2009,0
2/17/2009,0
2/18/2009,0.11
2/19/2009,0.01
2/20/2009,0
2/21/2009,0.03
2/22/2009,0
2/23/2009,0
2/24/2009,0
2/25/2009,0.02
2/26/2009,0.08
2/27/2009,0.41
2/28/2009,0
03/01/2009,0
03/02/2009,0
03/03/2009,0
03/04/2009,0
03/05/2009,0
03/06/2009,0
03/07/2009,1.08
03/08/2009,0.59
03/09/2009,0
03/10/2009,0.79
03/11/2009,0.21
03/12/2009,0
3/13/2009,0
3/14/2009,0
3/15/2009,0
3/16/2009,0
3/17/2009,0
3/18/2009,0
3/19/2009,0
3/20/2009,0
3/21/2009,0
3/22/2009,0
3/23/2009,0
3/24/2009,0
3/25/2009,0.3
3/26/2009,0
3/27/2009,0
3/28/2009,0.01
3/29/2009,0.77
3/30/2009,0
3/31/2009,0.01
04/01/2009,0.06
04/02/2009,0.21
04/03/2009,0.3
04/04/2009,0
04/05/2009,0.37
04/06/2009,0.49
04/07/2009,0
04/08/2009,0
04/09/2009,0
04/10/2009,0
04/11/2009,0
04/12/2009,0
4/13/2009,0
4/14/2009,0.39
4/15/2009,0.11
4/16/2009,0
4/17/2009,0
4/18/2009,0
4/19/2009,0.32
4/20/2009,0.94
4/21/2009,0.1
4/22/2009,0.02
4/23/2009,0
4/24/2009,0
4/25/2009,0.15
4/26/2009,0
4/27/2009,0
4/28/2009,0.62
4/29/2009,0
4/30/2009,0.8
05/01/2009,0
05/02/2009,0
05/03/2009,0
05/04/2009,0
05/05/2009,0
05/06/2009,0
05/07/2009,0.18
05/08/2009,0.01
05/09/2009,0.02
05/10/2009,0
05/11/2009,0
05/12/2009,0
5/13/2009,0.25
5/14/2009,0.8
5/15/2009,0.08
5/16/2009,0.34
5/17/2009,0
5/18/2009,0
5/19/2009,0
5/20/2009,0
5/21/2009,0
5/22/2009,0
5/23/2009,0
5/24/2009,0
5/25/2009,0
5/26/2009,0
5/27/2009,0.48
5/28/2009,0.01
5/29/2009,0
5/30/2009,0
5/31/2009,0
06/01/2009,0.04
06/02/2009,0.2
06/03/2009,0
06/04/2009,0
06/05/2009,0
06/06/2009,0
06/07/2009,0.02
06/08/2009,0.35
06/09/2009,0
06/10/2009,0
06/11/2009,1.07
06/12/2009,0
6/13/2009,0
6/14/2009,0.07
6/15/2009,0
6/16/2009,0
6/17/2009,0.09
6/18/2009,0
6/19/2009,1.47
6/20/2009,0.28
6/21/2009,0
6/22/2009,0
6/23/2009,0
6/24/2009,0
6/25/2009,0.28
6/26/2009,0
6/27/2009,0
6/28/2009,0.03
6/29/2009,0
6/30/2009,0.03
07/01/2009,0.33
07/02/2009,0.03
07/03/2009,0
07/04/2009,0
07/05/2009,0
07/06/2009,0
07/07/2009,0
07/08/2009,0
07/09/2009,0
07/10/2009,0
07/11/2009,0.03
07/12/2009,0
7/13/2009,0
7/14/2009,0
7/15/2009,0.01
7/16/2009,0
7/17/2009,0.59
7/18/2009,0
7/19/2009,0.48
7/20/2009,1.93
7/21/2009,0.01
7/22/2009,0.01
7/23/2009,0.22
7/24/2009,0
7/25/2009,0.09
7/26/2009,0.22
7/27/2009,0
7/28/2009,0
7/29/2009,0.29
7/30/2009,0
7/31/2009,0
08/01/2009,0
08/02/2009,0.01
08/03/2009,0
08/04/2009,0
08/05/2009,0
08/06/2009,0
08/07/2009,0
08/08/2009,1.46
08/09/2009,0.11
08/10/2009,0.2
08/11/2009,0.25
08/12/2009,0
8/13/2009,0
8/14/2009,0
8/15/2009,0
8/16/2009,0
8/17/2009,0
8/18/2009,0.25
8/19/2009,0.03
8/20/2009,0.11
8/21/2009,0.02
8/22/2009,0.06
8/23/2009,0.03
8/24/2009,0
8/25/2009,0
8/26/2009,0.28
8/27/2009,0.05
8/28/2009,0.38
8/29/2009,0
8/30/2009,0.01
8/31/2009,0
09/01/2009,0
09/02/2009,0
09/03/2009,0
09/04/2009,0
09/05/2009,0
09/06/2009,0
09/07/2009,0.4
09/08/2009,0.02
09/09/2009,0
09/10/2009,0
09/11/2009,0
09/12/2009,0
9/13/2009,0
9/14/2009,0
9/15/2009,0
9/16/2009,0
9/17/2009,0
9/18/2009,0
9/19/2009,0
9/20/2009,0
9/21/2009,0.47
9/22/2009,0
9/23/2009,0.01
9/24/2009,0
9/25/2009,0
9/26/2009,0.02
9/27/2009,0
9/28/2009,0.25
9/29/2009,0
9/30/2009,0
10/01/2009,0
10/02/2009,0.55
10/03/2009,0.03
10/04/2009,0.09
10/05/2009,0
10/06/2009,0.19
10/07/2009,0
10/08/2009,0.07
10/09/2009,0.88
10/10/2009,0
10/11/2009,0
10/12/2009,0
10/13/2009,0
10/14/2009,0
10/15/2009,0
10/16/2009,0
10/17/2009,0
10/18/2009,0
10/19/2009,0
10/20/2009,0
10/21/2009,0.25
10/22/2009,0
10/23/2009,0.66
10/24/2009,0.02
10/25/2009,0
10/26/2009,0
10/27/2009,0.06
10/28/2009,0.01
10/29/2009,0
10/30/2009,0.1
10/31/2009,0.18
11/01/2009,0
11/02/2009,0.02
11/03/2009,0
11/04/2009,0
11/05/2009,0.02
11/06/2009,0
11/07/2009,0
11/08/2009,0
11/09/2009,0
11/10/2009,0
11/11/2009,0
11/12/2009,0
11/13/2009,0
11/14/2009,0
11/15/2009,0
11/16/2009,0
11/17/2009,0
11/18/2009,0.09
11/19/2009,0.05
11/20/2009,0
11/21/2009,0
11/22/2009,0
11/23/2009,0
11/24/2009,0
11/25/2009,0.08
11/26/2009,0
11/27/2009,0
11/28/2009,0
11/29/2009,0.18
11/30/2009,0
12/01/2009,0
12/02/2009,0.48
12/03/2009,0.06
12/04/2009,0
12/05/2009,0
12/06/2009,0
12/07/2009,0
12/08/2009,0.07
12/09/2009,0.39
12/10/2009,0
12/11/2009,0
12/12/2009,0
12/13/2009,0.19
12/14/2009,0
12/15/2009,0
12/16/2009,0
12/17/2009,0
12/18/2009,0
12/19/2009,0.03
12/20/2009,0
12/21/2009,0
12/22/2009,0
12/23/2009,0
12/24/2009,0
12/25/2009,0.79
12/26/2009,0
12/27/2009,0
12/28/2009,0
12/29/2009,0
12/30/2009,0
12/31/2009,0
01/01/2010,0
01/02/2010,0
01/03/2010,0
01/04/2010,0
01/05/2010,0
01/06/2010,0
01/07/2010,0.16
01/08/2010,0.02
01/09/2010,0
01/10/2010,0
01/11/2010,0.03
01/12/2010,0
1/13/2010,0
1/14/2010,0
1/15/2010,0
1/16/2010,0
1/17/2010,0
1/18/2010,0
1/19/2010,0
1/20/2010,0
1/21/2010,0
1/22/2010,0
1/23/2010,0
1/24/2010,0.18
1/25/2010,0.05
1/26/2010,0
1/27/2010,0
1/28/2010,0
1/29/2010,0
1/30/2010,0
1/31/2010,0
02/01/2010,0
02/02/2010,0
02/03/2010,0
02/04/2010,0
02/05/2010,0
02/06/2010,0
02/07/2010,0
02/08/2010,0
02/09/2010,0.09
02/10/2010,0.07
02/11/2010,0
02/12/2010,0
2/13/2010,0
2/14/2010,0
2/15/2010,0
2/16/2010,0
2/17/2010,0
2/18/2010,0
2/19/2010,0
2/20/2010,0
2/21/2010,0
2/22/2010,0.32
2/23/2010,0.07
2/24/2010,0.01
2/25/2010,0
2/26/2010,0.05
2/27/2010,0.01
2/28/2010,0
03/01/2010,0
03/02/2010,0
03/03/2010,0
03/04/2010,0
03/05/2010,0
03/06/2010,0
03/07/2010,0
03/08/2010,0
03/09/2010,0
03/10/2010,0
03/11/2010,0.1
03/12/2010,0.11
3/13/2010,0.5
3/14/2010,0.16
3/15/2010,0
3/16/2010,0
3/17/2010,0
3/18/2010,0
3/19/2010,0
3/20/2010,0
3/21/2010,0
3/22/2010,0.08
3/23/2010,0
3/24/2010,0
3/25/2010,0.11
3/26/2010,0
3/27/2010,0
3/28/2010,0.24
3/29/2010,0
3/30/2010,0
3/31/2010,0
04/01/2010,0
04/02/2010,0
04/03/2010,0.01
04/04/2010,0
04/05/2010,0.06
04/06/2010,0.12
04/07/2010,0.95
04/08/2010,0.12
04/09/2010,0
04/10/2010,0
04/11/2010,0
04/12/2010,0
4/13/2010,0.21
4/14/2010,0
4/15/2010,0
4/16/2010,0
4/17/2010,0
4/18/2010,0
4/19/2010,0
4/20/2010,0
4/21/2010,0
4/22/2010,0
4/23/2010,0
4/24/2010,0.28
4/25/2010,0.36
4/26/2010,0.08
4/27/2010,0
4/28/2010,0
4/29/2010,0.02
4/30/2010,0
05/01/2010,0.26
05/02/2010,0.79
05/03/2010,0.01
05/04/2010,0
05/05/2010,0
05/06/2010,0
05/07/2010,0.7
05/08/2010,0.03
05/09/2010,0
05/10/2010,0
05/11/2010,1.41
05/12/2010,0
5/13/2010,0.39
5/14/2010,0.02
5/15/2010,0
5/16/2010,0
5/17/2010,0.35
5/18/2010,0.34
5/19/2010,0
5/20/2010,0
5/21/2010,0.06
5/22/2010,0.04
5/23/2010,0
5/24/2010,0
5/25/2010,0
5/26/2010,0
5/27/2010,0
5/28/2010,0
5/29/2010,0
5/30/2010,0
5/31/2010,0.34
06/01/2010,0
06/02/2010,0.28
06/03/2010,0
06/04/2010,0.26
06/05/2010,0.97
06/06/2010,0.77
06/07/2010,0
06/08/2010,0
06/09/2010,0.28
06/10/2010,0
06/11/2010,0
06/12/2010,0
6/13/2010,0
6/14/2010,0
6/15/2010,0
6/16/2010,0.1
6/17/2010,0
6/18/2010,0.1
6/19/2010,0
6/20/2010,0
6/21/2010,0
6/22/2010,0.3
6/23/2010,0.36
6/24/2010,0
6/25/2010,0
6/26/2010,0
6/27/2010,0.16
6/28/2010,0
6/29/2010,0
6/30/2010,0
07/01/2010,0
07/02/2010,0
07/03/2010,0
07/04/2010,0
07/05/2010,0
07/06/2010,0
07/07/2010,0
07/08/2010,1.23
07/09/2010,0.01
07/10/2010,0
07/11/2010,0.25
07/12/2010,0.74
7/13/2010,0
7/14/2010,0
7/15/2010,0.88
7/16/2010,0
7/17/2010,0
7/18/2010,0.04
7/19/2010,0
7/20/2010,0.21
7/21/2010,0
7/22/2010,0.11
7/23/2010,0.86
7/24/2010,0.08
7/25/2010,0.54
7/26/2010,0
7/27/2010,0
7/28/2010,0.36
7/29/2010,0
7/30/2010,0
7/31/2010,0
08/01/2010,0
08/02/2010,0
08/03/2010,0
08/04/2010,0
08/05/2010,0
08/06/2010,0
08/07/2010,0
08/08/2010,0
08/09/2010,0
08/10/2010,0
08/11/2010,0
08/12/2010,0
8/13/2010,0
8/14/2010,0.01
8/15/2010,0.2
8/16/2010,0
8/17/2010,0
8/18/2010,0.01
8/19/2010,0
8/20/2010,0
8/21/2010,0.33
8/22/2010,0
8/23/2010,0
8/24/2010,0
8/25/2010,0.02
8/26/2010,0
8/27/2010,0
8/28/2010,0
8/29/2010,0
8/30/2010,0
8/31/2010,0
09/01/2010,0.04
09/02/2010,0.1
09/03/2010,0.06
09/04/2010,0
09/05/2010,0
09/06/2010,0.01
09/07/2010,0
09/08/2010,0
09/09/2010,0
09/10/2010,0
09/11/2010,0.53
09/12/2010,0
9/13/2010,0
9/14/2010,0
9/15/2010,0
9/16/2010,0.89
9/17/2010,0
9/18/2010,0.05
9/19/2010,0
9/20/2010,0
9/21/2010,0
9/22/2010,0.29
9/23/2010,0
9/24/2010,0
9/25/2010,0
9/26/2010,0
9/27/2010,0.03
9/28/2010,1.07
9/29/2010,0
9/30/2010,0
10/01/2010,0
10/02/2010,0.52
10/03/2010,0
10/04/2010,0
10/05/2010,0
10/06/2010,0
10/07/2010,0
10/08/2010,0
10/09/2010,0
10/10/2010,0
10/11/2010,0
10/12/2010,0
10/13/2010,0.5
10/14/2010,0.07
10/15/2010,0
10/16/2010,0
10/17/2010,0
10/18/2010,0
10/19/2010,0
10/20/2010,0.14
10/21/2010,0
10/22/2010,0
10/23/2010,0.04
10/24/2010,0.01
10/25/2010,0
10/26/2010,0.19
10/27/2010,0
10/28/2010,0
10/29/2010,0
10/30/2010,0
10/31/2010,0
11/01/2010,0
11/02/2010,0
11/03/2010,0
11/04/2010,0.01
11/05/2010,0
11/06/2010,0
11/07/2010,0
11/08/2010,0
11/09/2010,0
11/10/2010,0
11/11/2010,0
11/12/2010,0
11/13/2010,0.02
11/14/2010,0.09
11/15/2010,0
11/16/2010,0.69
11/17/2010,0.19
11/18/2010,0
11/19/2010,0
11/20/2010,0
11/21/2010,0
11/22/2010,0.95
11/23/2010,0.44
11/24/2010,0
11/25/2010,0.11
11/26/2010,0
11/27/2010,0
11/28/2010,0
11/29/2010,0
11/30/2010,0.63
12/01/2010,0
12/02/2010,0
12/03/2010,0
12/04/2010,0
12/05/2010,0.01
12/06/2010,0
12/07/2010,0
12/08/2010,0
12/09/2010,0
12/10/2010,0.03
12/11/2010,0
12/12/2010,0.72
12/13/2010,0
12/14/2010,0
12/15/2010,0
12/16/2010,0
12/17/2010,0
12/18/2010,0
12/19/2010,0
12/20/2010,0
12/21/2010,0
12/22/2010,0
12/23/2010,0
12/24/2010,0
12/25/2010,0
12/26/2010,0
12/27/2010,0
12/28/2010,0
12/29/2010,0
12/30/2010,0
12/31/2010,0.01
01/01/2011,0.48
01/02/2011,0
01/03/2011,0
01/04/2011,0
01/05/2011,0
01/06/2011,0.01
01/07/2011,0.01
01/08/2011,0
01/09/2011,0
01/10/2011,0
01/11/2011,0.09
01/12/2011,0.01
1/13/2011,0
1/14/2011,0
1/15/2011,0.01
1/16/2011,0
1/17/2011,0
1/18/2011,0.12
1/19/2011,0
1/20/2011,0.01
1/21/2011,0
1/22/2011,0
1/23/2011,0
1/24/2011,0
1/25/2011,0
1/26/2011,0
1/27/2011,0.01
1/28/2011,0
1/29/2011,0.09
1/30/2011,0
1/31/2011,0
02/01/2011,0.06
02/02/2011,0.28
02/03/2011,0
02/04/2011,0
02/05/2011,0.18
02/06/2011,0.02
02/07/2011,0
02/08/2011,0
02/09/2011,0
02/10/2011,0
02/11/2011,0
02/12/2011,0
2/13/2011,0
2/14/2011,0
2/15/2011,0
2/16/2011,0
2/17/2011,0
2/18/2011,0
2/19/2011,0
2/20/2011,0.35
2/21/2011,0.15
2/22/2011,0
2/23/2011,0
2/24/2011,0.12
2/25/2011,0.01
2/26/2011,0.02
2/27/2011,0.12
2/28/2011,0.59
03/01/2011,0
03/02/2011,0
03/03/2011,0
03/04/2011,0.21
03/05/2011,0.67
03/06/2011,0
03/07/2011,0
03/08/2011,0
03/09/2011,0.63
03/10/2011,0.02
03/11/2011,0.15
03/12/2011,0
3/13/2011,0
3/14/2011,0
3/15/2011,0.06
3/16/2011,0.06
3/17/2011,0
3/18/2011,0
3/19/2011,0
3/20/2011,0.66
3/21/2011,0.19
3/22/2011,0.38
3/23/2011,0.13
3/24/2011,0
3/25/2011,0
3/26/2011,0
3/27/2011,0
3/28/2011,0
3/29/2011,0
3/30/2011,0
3/31/2011,0
04/01/2011,0
04/02/2011,0
04/03/2011,0.1
04/04/2011,0.1
04/05/2011,0
04/06/2011,0.76
04/07/2011,0
04/08/2011,0.17
04/09/2011,0
04/10/2011,0
04/11/2011,0.08
04/12/2011,0
4/13/2011,0
4/14/2011,0
4/15/2011,0
4/16/2011,0.34
4/17/2011,0
4/18/2011,0.17
4/19/2011,0.49
4/20/2011,0.21
4/21/2011,0
4/22/2011,0.35
4/23/2011,0.49
4/24/2011,0.03
4/25/2011,0.46
4/26/2011,0.02
4/27/2011,0.37
4/28/2011,0.34
4/29/2011,0.06
4/30/2011,0
05/01/2011,0.27
05/02/2011,0
05/03/2011,0.09
05/04/2011,0
05/05/2011,0
05/06/2011,0.03
05/07/2011,0
05/08/2011,0
05/09/2011,0
05/10/2011,0.04
05/11/2011,0
05/12/2011,0.02
5/13/2011,0.42
5/14/2011,0.06
5/15/2011,1.12
5/16/2011,0.11
5/17/2011,0.29
5/18/2011,0.13
5/19/2011,0.01
5/20/2011,0
5/21/2011,0.02
5/22/2011,0.01
5/23/2011,0.44
5/24/2011,0
5/25/2011,3.03
5/26/2011,0.29
5/27/2011,0.02
5/28/2011,0.2
5/29/2011,0.12
5/30/2011,0
5/31/2011,0
06/01/2011,0
06/02/2011,0
06/03/2011,0
06/04/2011,0
06/05/2011,0
06/06/2011,0
06/07/2011,0
06/08/2011,0
06/09/2011,0.01
06/10/2011,0.25
06/11/2011,0.04
06/12/2011,0
6/13/2011,0
6/14/2011,0
6/15/2011,0
6/16/2011,0.06
6/17/2011,0
6/18/2011,0
6/19/2011,0
6/20/2011,0.01
6/21/2011,0.52
6/22/2011,0.31
6/23/2011,0.28
6/24/2011,0.11
6/25/2011,0
6/26/2011,0
6/27/2011,0
6/28/2011,0
6/29/2011,0
6/30/2011,0
07/01/2011,0
07/02/2011,0.42
07/03/2011,0
07/04/2011,0
07/05/2011,0
07/06/2011,0
07/07/2011,0
07/08/2011,0
07/09/2011,0
07/10/2011,0
07/11/2011,0.53
07/12/2011,0
7/13/2011,0
7/14/2011,0
7/15/2011,0.01
7/16/2011,0
7/17/2011,0
7/18/2011,0.31
7/19/2011,0
7/20/2011,0
7/21/2011,0
7/22/2011,0.25
7/23/2011,0.25
7/24/2011,0.01
7/25/2011,0
7/26/2011,0
7/27/2011,0.39
7/28/2011,2.07
7/29/2011,0.81
7/30/2011,0
7/31/2011,0
08/01/2011,0
08/02/2011,0.1
08/03/2011,0.28
08/04/2011,0.01
08/05/2011,0
08/06/2011,0.28
08/07/2011,0.03
08/08/2011,0.02
08/09/2011,0.87
08/10/2011,0
08/11/2011,0
08/12/2011,0
8/13/2011,0.04
8/14/2011,0.13
8/15/2011,0
8/16/2011,0
8/17/2011,0
8/18/2011,0.01
8/19/2011,0
8/20/2011,0.06
8/21/2011,0.11
8/22/2011,0
8/23/2011,0
8/24/2011,0.28
8/25/2011,0
8/26/2011,0
8/27/2011,0
8/28/2011,0
8/29/2011,0
8/30/2011,0
8/31/2011,0
09/01/2011,0.01
09/02/2011,0
09/03/2011,0.14
09/04/2011,0.31
09/05/2011,0
09/06/2011,0
09/07/2011,0.91
09/08/2011,0.67
09/09/2011,0.53
09/10/2011,1.47
09/11/2011,0.12
09/12/2011,0.12
9/13/2011,0
9/14/2011,0.29
9/15/2011,0
9/16/2011,0
9/17/2011,0
9/18/2011,0
9/19/2011,0.62
9/20/2011,0
9/21/2011,0
9/22/2011,0
9/23/2011,0.83
9/24/2011,0
9/25/2011,0
9/26/2011,0.69
9/27/2011,0.1
9/28/2011,0.03
9/29/2011,0.14
9/30/2011,0.01
10/01/2011,0
10/02/2011,0
10/03/2011,0
10/04/2011,0
10/05/2011,0
10/06/2011,0
10/07/2011,0
10/08/2011,0
10/09/2011,0
10/10/2011,0
10/11/2011,0
10/12/2011,0.24
10/13/2011,0.02
10/14/2011,0.23
10/15/2011,0
10/16/2011,0
10/17/2011,0
10/18/2011,0
10/19/2011,0
10/20/2011,0
10/21/2011,0
10/22/2011,0
10/23/2011,0
10/24/2011,0.03
10/25/2011,0.17
10/26/2011,0.09
10/27/2011,0.09
10/28/2011,0
10/29/2011,0.01
10/30/2011,0
10/31/2011,0
11/01/2011,0
11/02/2011,0
11/03/2011,0
11/04/2011,0
11/05/2011,0
11/06/2011,0
11/07/2011,0
11/08/2011,0.11
11/09/2011,0.26
11/10/2011,0.01
11/11/2011,0
11/12/2011,0
11/13/2011,0
11/14/2011,0.43
11/15/2011,0
11/16/2011,0
11/17/2011,0
11/18/2011,0
11/19/2011,0
11/20/2011,0
11/21/2011,0
11/22/2011,1.13
11/23/2011,0.41
11/24/2011,0
11/25/2011,0
11/26/2011,0
11/27/2011,0.78
11/28/2011,0.32
11/29/2011,1.97
11/30/2011,0.04
12/01/2011,0
12/02/2011,0.06
12/03/2011,0
12/04/2011,0.28
12/05/2011,0.47
12/06/2011,0
12/07/2011,0
12/08/2011,0
12/09/2011,0.02
12/10/2011,0
12/11/2011,0
12/12/2011,0
12/13/2011,0
12/14/2011,0.4
12/15/2011,0.2
12/16/2011,0
12/17/2011,0
12/18/2011,0
12/19/2011,0
12/20/2011,0.01
12/21/2011,0.02
12/22/2011,0.03
12/23/2011,0
12/24/2011,0.01
12/25/2011,0
12/26/2011,0
12/27/2011,0.19
12/28/2011,0
12/29/2011,0.02
12/30/2011,0.41
12/31/2011,0
01/01/2012,0.02
01/02/2012,0
01/03/2012,0
01/04/2012,0
01/05/2012,0
01/06/2012,0
01/07/2012,0
01/08/2012,0
01/09/2012,0
01/10/2012,0
01/11/2012,0.15
01/12/2012,0.12
1/13/2012,0
1/14/2012,0
1/15/2012,0
1/16/2012,0.01
1/17/2012,0.65
1/18/2012,0
1/19/2012,0.01
1/20/2012,0.1
1/21/2012,0
1/22/2012,0.01
1/23/2012,0.24
1/24/2012,0
1/25/2012,0
1/26/2012,0.09
1/27/2012,0.13
1/28/2012,0.01
1/29/2012,0.07
1/30/2012,0
1/31/2012,0
02/01/2012,0
02/02/2012,0
02/03/2012,0
02/04/2012,0
02/05/2012,0
02/06/2012,0
02/07/2012,0
02/08/2012,0
02/09/2012,0
02/10/2012,0.06
02/11/2012,0
02/12/2012,0
2/13/2012,0
2/14/2012,0.01
2/15/2012,0.04
2/16/2012,0.15
2/17/2012,0
2/18/2012,0
2/19/2012,0
2/20/2012,0
2/21/2012,0.11
2/22/2012,0.01
2/23/2012,0.02
2/24/2012,0.22
2/25/2012,0
2/26/2012,0
2/27/2012,0
2/28/2012,0
2/29/2012,0.47
03/01/2012,0.02
03/02/2012,0.41
03/03/2012,0
03/04/2012,0
03/05/2012,0
03/06/2012,0
03/07/2012,0
03/08/2012,0.1
03/09/2012,0
03/10/2012,0
03/11/2012,0
03/12/2012,0.51
3/13/2012,0.01
3/14/2012,0
3/15/2012,0.04
3/16/2012,0
3/17/2012,0
3/18/2012,0
3/19/2012,0
3/20/2012,0
3/21/2012,0
3/22/2012,0
3/23/2012,0.03
3/24/2012,0.07
3/25/2012,0.01
3/26/2012,0
3/27/2012,0
3/28/2012,0
3/29/2012,0
3/30/2012,0.71
3/31/2012,0
04/01/2012,0
04/02/2012,0
04/03/2012,0.03
04/04/2012,0
04/05/2012,0
04/06/2012,0
04/07/2012,0
04/08/2012,0
04/09/2012,0
04/10/2012,0
04/11/2012,0
04/12/2012,0
4/13/2012,0
4/14/2012,0.04
4/15/2012,0.79
4/16/2012,0
4/17/2012,0
4/18/2012,0
4/19/2012,0
4/20/2012,0.39
4/21/2012,0.01
4/22/2012,0
4/23/2012,0
4/24/2012,0
4/25/2012,0
4/26/2012,0
4/27/2012,0
4/28/2012,0
4/29/2012,0
4/30/2012,0.71
05/01/2012,0.02
05/02/2012,0
05/03/2012,0.51
05/04/2012,0.24
05/05/2012,0
05/06/2012,0
05/07/2012,0.81
05/08/2012,0.03
05/09/2012,0.05
05/10/2012,0
05/11/2012,0
05/12/2012,0.05
5/13/2012,0.13
5/14/2012,0
5/15/2012,0
5/16/2012,0.07
5/17/2012,0
5/18/2012,0
5/19/2012,0
5/20/2012,0
5/21/2012,0.09
5/22/2012,0
5/23/2012,0
5/24/2012,0
5/25/2012,0
5/26/2012,0.24
5/27/2012,0.01
5/28/2012,0
5/29/2012,0.11
5/30/2012,0
5/31/2012,0.11
06/01/2012,0.57
06/02/2012,0.02
06/03/2012,0
06/04/2012,0
06/05/2012,0.08
06/06/2012,0.09
06/07/2012,0
06/08/2012,0
06/09/2012,0
06/10/2012,0
06/11/2012,0.01
06/12/2012,0
6/13/2012,0
6/14/2012,0
6/15/2012,0
6/16/2012,0
6/17/2012,0.21
6/18/2012,0.08
6/19/2012,0
6/20/2012,0
6/21/2012,0.01
6/22/2012,0
6/23/2012,0
6/24/2012,0
6/25/2012,0
6/26/2012,0
6/27/2012,0
6/28/2012,0
6/29/2012,0
6/30/2012,0
07/01/2012,0
07/02/2012,0
07/03/2012,1.48
07/04/2012,0.68
07/05/2012,0.34
07/06/2012,0
07/07/2012,0.06
07/08/2012,0
07/09/2012,0
07/10/2012,0
07/11/2012,0
07/12/2012,0
7/13/2012,0
7/14/2012,0
7/15/2012,0
7/16/2012,0
7/17/2012,0
7/18/2012,0.09
7/19/2012,0.95
7/20/2012,0
7/21/2012,0
7/22/2012,0
7/23/2012,0
7/24/2012,0
7/25/2012,0
7/26/2012,0.19
7/27/2012,0.36
7/28/2012,0.01
7/29/2012,0
7/30/2012,0
7/31/2012,0.04
08/01/2012,0
08/02/2012,0
08/03/2012,0
08/04/2012,0.22
08/05/2012,0.04
08/06/2012,0
08/07/2012,0
08/08/2012,0
08/09/2012,1.08
08/10/2012,0.23
08/11/2012,0
08/12/2012,0
8/13/2012,0.03
8/14/2012,0.69
8/15/2012,0
8/16/2012,0.01
8/17/2012,0
8/18/2012,0
8/19/2012,0
8/20/2012,0
8/21/2012,0.38
8/22/2012,0
8/23/2012,0
8/24/2012,0
8/25/2012,0
8/26/2012,0
8/27/2012,0.43
8/28/2012,0
8/29/2012,0
8/30/2012,0
8/31/2012,0
09/01/2012,0
09/02/2012,0
09/03/2012,0
09/04/2012,1.12
09/05/2012,0.01
09/06/2012,0
09/07/2012,0.03
09/08/2012,0.34
09/09/2012,0
09/10/2012,0
09/11/2012,0
09/12/2012,0
9/13/2012,0
9/14/2012,0.42
9/15/2012,0
9/16/2012,0
9/17/2012,0.34
9/18/2012,0.07
9/19/2012,0
9/20/2012,0.05
9/21/2012,0.08
9/22/2012,0.01
9/23/2012,0
9/24/2012,0
9/25/2012,0
9/26/2012,0
9/27/2012,0
9/28/2012,0
9/29/2012,0
9/30/2012,0
10/01/2012,0
10/02/2012,0.04
10/03/2012,0
10/04/2012,0
10/05/2012,0.16
10/06/2012,0
10/07/2012,0
10/08/2012,0
10/09/2012,0
10/10/2012,0.08
10/11/2012,0
10/12/2012,0
10/13/2012,0.82
10/14/2012,0.05
10/15/2012,0.01
10/16/2012,0
10/17/2012,0.09
10/18/2012,0.14
10/19/2012,0.1
10/20/2012,0.02
10/21/2012,0
10/22/2012,0.06
10/23/2012,0.24
10/24/2012,0.04
10/25/2012,0
10/26/2012,0.07
10/27/2012,0
10/28/2012,0
10/29/2012,0.06
10/30/2012,0.15
10/31/2012,0.01
11/01/2012,0
11/02/2012,0
11/03/2012,0
11/04/2012,0
11/05/2012,0
11/06/2012,0
11/07/2012,0
11/08/2012,0
11/09/2012,0.01
11/10/2012,0
11/11/2012,0
11/12/2012,0.43
11/13/2012,0
11/14/2012,0
11/15/2012,0
11/16/2012,0
11/17/2012,0
11/18/2012,0
11/19/2012,0
11/20/2012,0
11/21/2012,0
11/22/2012,0.05
11/23/2012,0.13
11/24/2012,0
11/25/2012,0
11/26/2012,0
11/27/2012,0
11/28/2012,0
11/29/2012,0
11/30/2012,0
12/01/2012,0
12/02/2012,0.16
12/03/2012,0
12/04/2012,0.22
12/05/2012,0
12/06/2012,0
12/07/2012,0.04
12/08/2012,0.1
12/09/2012,0.03
12/10/2012,0.01
12/11/2012,0
12/12/2012,0
12/13/2012,0
12/14/2012,0
12/15/2012,0.03
12/16/2012,0.32
12/17/2012,0
12/18/2012,0
12/19/2012,0
12/20/2012,0.51
12/21/2012,0.03
12/22/2012,0
12/23/2012,0
12/24/2012,0.03
12/25/2012,0
12/26/2012,0.24
12/27/2012,0.01
12/28/2012,0
12/29/2012,0.07
12/30/2012,0
12/31/2012,0
01/01/2013,0
01/02/2013,0
01/03/2013,0
01/04/2013,0
01/05/2013,0
01/06/2013,0
01/07/2013,0
01/08/2013,0
01/09/2013,0
01/10/2013,0.01
01/11/2013,0.69
01/12/2013,0
1/13/2013,0.78
1/14/2013,0
1/15/2013,0
1/16/2013,0
1/17/2013,0
1/18/2013,0
1/19/2013,0
1/20/2013,0
1/21/2013,0
1/22/2013,0
1/23/2013,0
1/24/2013,0
1/25/2013,0.01
1/26/2013,0
1/27/2013,0.31
1/28/2013,0.18
1/29/2013,0.56
1/30/2013,0.27
1/31/2013,0
02/01/2013,0
02/02/2013,0.01
02/03/2013,0
02/04/2013,0.01
02/05/2013,0
02/06/2013,0
02/07/2013,0
02/08/2013,0.19
02/09/2013,0
02/10/2013,0.06
02/11/2013,0
02/12/2013,0
2/13/2013,0
2/14/2013,0.02
2/15/2013,0
2/16/2013,0.04
2/17/2013,0
2/18/2013,0
2/19/2013,0.09
2/20/2013,0
2/21/2013,0
2/22/2013,0.09
2/23/2013,0
2/24/2013,0
2/25/2013,0
2/26/2013,0.66
2/27/2013,0.08
2/28/2013,0.04
03/01/2013,0
03/02/2013,0
03/03/2013,0
03/04/2013,0
03/05/2013,0
03/06/2013,0
03/07/2013,0
03/08/2013,0
03/09/2013,0
03/10/2013,0
03/11/2013,0.21
03/12/2013,0
3/13/2013,0.01
3/14/2013,0
3/15/2013,0.03
3/16/2013,0.09
3/17/2013,0
3/18/2013,0.04
3/19/2013,0
3/20/2013,0
3/21/2013,0
3/22/2013,0
3/23/2013,0
3/24/2013,0
3/25/2013,0.03
3/26/2013,0
3/27/2013,0
3/28/2013,0
3/29/2013,0
3/30/2013,0
3/31/2013,0.04
04/01/2013,0.01
04/02/2013,0
04/03/2013,0
04/04/2013,0
04/05/2013,0
04/06/2013,0
04/07/2013,0
04/08/2013,0.07
04/09/2013,0.02
04/10/2013,0.64
04/11/2013,1.22
04/12/2013,0.28
4/13/2013,0.02
4/14/2013,0
4/15/2013,0.01
4/16/2013,0.24
4/17/2013,0.92
4/18/2013,0.81
4/19/2013,0.12
4/20/2013,0
4/21/2013,0
4/22/2013,0
4/23/2013,0.21
4/24/2013,0.34
4/25/2013,0.04
4/26/2013,0
4/27/2013,0
4/28/2013,0.33
4/29/2013,0
4/30/2013,0
05/01/2013,0
05/02/2013,0
05/03/2013,0
05/04/2013,0
05/05/2013,0
05/06/2013,0
05/07/2013,0
05/08/2013,0.01
05/09/2013,0
05/10/2013,0.23
05/11/2013,0.01
05/12/2013,0
5/13/2013,0
5/14/2013,0
5/15/2013,0
5/16/2013,0
5/17/2013,0
5/18/2013,0
5/19/2013,0
5/20/2013,0
5/21/2013,0.05
5/22/2013,0.02
5/23/2013,0.11
5/24/2013,0
5/25/2013,0
5/26/2013,0
5/27/2013,0.72
5/28/2013,0.98
5/29/2013,0
5/30/2013,0.5
5/31/2013,0.17
06/01/2013,0.12
06/02/2013,0.03
06/03/2013,0
06/04/2013,0
06/05/2013,0
06/06/2013,0
06/07/2013,0
06/08/2013,0
06/09/2013,0
06/10/2013,1.33
06/11/2013,0
06/12/2013,0.13
6/13/2013,0.78
6/14/2013,0
6/15/2013,0
6/16/2013,0.11
6/17/2013,0.01
6/18/2013,0.31
6/19/2013,0
6/20/2013,0
6/21/2013,0
6/22/2013,0
6/23/2013,0
6/24/2013,0
6/25/2013,0.39
6/26/2013,0.02
6/27/2013,0.96
6/28/2013,0.47
6/29/2013,0
6/30/2013,0
07/01/2013,0.32
07/02/2013,0
07/03/2013,0
07/04/2013,0
07/05/2013,0.13
07/06/2013,0.23
07/07/2013,0.09
07/08/2013,0.79
07/09/2013,0.21
07/10/2013,0.08
07/11/2013,0
07/12/2013,0
7/13/2013,0
7/14/2013,0
7/15/2013,0.12
7/16/2013,0
7/17/2013,0
7/18/2013,0.26
7/19/2013,0.27
7/20/2013,0.31
7/21/2013,0
7/22/2013,0
7/23/2013,0.03
7/24/2013,0
7/25/2013,0
7/26/2013,0
7/27/2013,0.38
7/28/2013,0
7/29/2013,0
7/30/2013,0
7/31/2013,0.29
08/01/2013,0
08/02/2013,0
08/03/2013,0
08/04/2013,0
08/05/2013,0
08/06/2013,0.02
08/07/2013,0.02
08/08/2013,0
08/09/2013,0
08/10/2013,0
08/11/2013,0
08/12/2013,0.51
8/13/2013,0.01
8/14/2013,0
8/15/2013,0
8/16/2013,0
8/17/2013,0
8/18/2013,0
8/19/2013,0
8/20/2013,0
8/21/2013,0
8/22/2013,0
8/23/2013,0
8/24/2013,0
8/25/2013,0
8/26/2013,0
8/27/2013,0.34
8/28/2013,0
8/29/2013,0
8/30/2013,1.89
8/31/2013,0
09/01/2013,0
09/02/2013,0.06
09/03/2013,0
09/04/2013,0
09/05/2013,0
09/06/2013,0
09/07/2013,0.02
09/08/2013,0
09/09/2013,0.01
09/10/2013,0
09/11/2013,0.34
09/12/2013,0.09
9/13/2013,0
9/14/2013,0
9/15/2013,0.03
9/16/2013,0
9/17/2013,0
9/18/2013,0
9/19/2013,0.01
9/20/2013,1.29
9/21/2013,0.17
9/22/2013,0
9/23/2013,0
9/24/2013,0
9/25/2013,0
9/26/2013,0
9/27/2013,0
9/28/2013,0
9/29/2013,0.13
9/30/2013,0
10/01/2013,0
10/02/2013,0
10/03/2013,0
10/04/2013,0.01
10/05/2013,0.13
10/06/2013,0.11
10/07/2013,0.13
10/08/2013,0
10/09/2013,0
10/10/2013,0
10/11/2013,0
10/12/2013,0
10/13/2013,0
10/14/2013,0
10/15/2013,0.01
10/16/2013,0.03
10/17/2013,0.02
10/18/2013,0
10/19/2013,0.01
10/20/2013,0.02
10/21/2013,0.01
10/22/2013,0
10/23/2013,0
10/24/2013,0
10/25/2013,0
10/26/2013,0
10/27/2013,0
10/28/2013,0
10/29/2013,0
10/30/2013,0
10/31/2013,0.61
11/01/2013,0.02
11/02/2013,0.23
11/03/2013,0
11/04/2013,0
11/05/2013,0
11/06/2013,0.1
11/07/2013,0.01
11/08/2013,0
11/09/2013,0
11/10/2013,0
11/11/2013,0.08
11/12/2013,0
11/13/2013,0
11/14/2013,0
11/15/2013,0
11/16/2013,0
11/17/2013,0.76
11/18/2013,0
11/19/2013,0
11/20/2013,0
11/21/2013,0.15
11/22/2013,0.06
11/23/2013,0
11/24/2013,0
11/25/2013,0
11/26/2013,0
11/27/2013,0
11/28/2013,0
11/29/2013,0
11/30/2013,0
12/01/2013,0
12/02/2013,0
12/03/2013,0.07
12/04/2013,0
12/05/2013,0
12/06/2013,0
12/07/2013,0
12/08/2013,0
12/09/2013,0.01
12/10/2013,0
12/11/2013,0
12/12/2013,0
12/13/2013,0
12/14/2013,0.14
12/15/2013,0
12/16/2013,0.01
12/17/2013,0.03
12/18/2013,0.07
12/19/2013,0
12/20/2013,0.31
12/21/2013,0.61
12/22/2013,0.14
12/23/2013,0
12/24/2013,0
12/25/2013,0
12/26/2013,0
12/27/2013,0
12/28/2013,0
12/29/2013,0
12/30/2013,0
12/31/2013,0.01
01/01/2014,0.06
01/02/2014,0.02
01/03/2014,0
01/04/2014,0
01/05/2014,0.42
01/06/2014,0.01
01/07/2014,0
01/08/2014,0
01/09/2014,0.01
01/10/2014,0.29
01/11/2014,0.16
01/12/2014,0
1/13/2014,0
1/14/2014,0
1/15/2014,0
1/16/2014,0
1/17/2014,0.01
1/18/2014,0
1/19/2014,0
1/20/2014,0
1/21/2014,0
1/22/2014,0
1/23/2014,0
1/24/2014,0
1/25/2014,0.01
1/26/2014,0
1/27/2014,0.04
1/28/2014,0
1/29/2014,0
1/30/2014,0
1/31/2014,0
02/01/2014,0.54
02/02/2014,0
02/03/2014,0
02/04/2014,0
02/05/2014,0.19
02/06/2014,0
02/07/2014,0
02/08/2014,0
02/09/2014,0.02
02/10/2014,0
02/11/2014,0
02/12/2014,0
2/13/2014,0
2/14/2014,0
2/15/2014,0
2/16/2014,0.01
2/17/2014,0.07
2/18/2014,0
2/19/2014,0
2/20/2014,0.75
2/21/2014,0
2/22/2014,0
2/23/2014,0
2/24/2014,0
2/25/2014,0
2/26/2014,0
2/27/2014,0
2/28/2014,0
03/01/2014,0.18
03/02/2014,0.04
03/03/2014,0
03/04/2014,0
03/05/2014,0
03/06/2014,0
03/07/2014,0
03/08/2014,0.07
03/09/2014,0
03/10/2014,0
03/11/2014,0.1
03/12/2014,0.22
3/13/2014,0
3/14/2014,0
3/15/2014,0
3/16/2014,0
3/17/2014,0
3/18/2014,0
3/19/2014,0.1
3/20/2014,0
3/21/2014,0
3/22/2014,0.07
3/23/2014,0
3/24/2014,0
3/25/2014,0
3/26/2014,0
3/27/2014,0.02
3/28/2014,0
3/29/2014,0
3/30/2014,0
3/31/2014,0
04/01/2014,0
04/02/2014,0
04/03/2014,0.14
04/04/2014,0.14
04/05/2014,0
04/06/2014,0
04/07/2014,0.26
04/08/2014,0.05
04/09/2014,0
04/10/2014,0.02
04/11/2014,0
04/12/2014,0.01
4/13/2014,0
4/14/2014,0.2
4/15/2014,0.05
4/16/2014,0
4/17/2014,0
4/18/2014,0
4/19/2014,0
4/20/2014,0
4/21/2014,0
4/22/2014,0
4/23/2014,0
4/24/2014,0
4/25/2014,0.09
4/26/2014,0
4/27/2014,0
4/28/2014,0.01
4/29/2014,0.81
4/30/2014,0.06
05/01/2014,0
05/02/2014,0
05/03/2014,0.04
05/04/2014,0
05/05/2014,0
05/06/2014,0
05/07/2014,0.3
05/08/2014,0
05/09/2014,0.13
05/10/2014,0
05/11/2014,0
05/12/2014,0.49
5/13/2014,0.48
5/14/2014,0.21
5/15/2014,0.7
5/16/2014,0.03
5/17/2014,0
5/18/2014,0
5/19/2014,0
5/20/2014,0.07
5/21/2014,0.03
5/22/2014,0
5/23/2014,0
5/24/2014,0
5/25/2014,0
5/26/2014,0
5/27/2014,1.04
5/28/2014,1.33
5/29/2014,0
5/30/2014,0
5/31/2014,0
06/01/2014,0
06/02/2014,0.18
06/03/2014,0
06/04/2014,0.17
06/05/2014,0
06/06/2014,0
06/07/2014,0
06/08/2014,0.17
06/09/2014,0
06/10/2014,0
06/11/2014,0.12
06/12/2014,0.33
6/13/2014,0
6/14/2014,0
6/15/2014,0
6/16/2014,0
6/17/2014,0
6/18/2014,1.19
6/19/2014,0.09
6/20/2014,0.18
6/21/2014,0
6/22/2014,0
6/23/2014,0.01
6/24/2014,0.74
6/25/2014,0
6/26/2014,0
6/27/2014,0
6/28/2014,0
6/29/2014,0.25
6/30/2014,0
07/01/2014,0.52
07/02/2014,0
07/03/2014,0.07
07/04/2014,0
07/05/2014,0
07/06/2014,0.01
07/07/2014,0.25
07/08/2014,0.4
07/09/2014,0
07/10/2014,0
07/11/2014,0
07/12/2014,0
7/13/2014,0.1
7/14/2014,0.16
7/15/2014,0
7/16/2014,0
7/17/2014,0
7/18/2014,0
7/19/2014,0
7/20/2014,0
7/21/2014,0
7/22/2014,0.03
7/23/2014,0.04
7/24/2014,0
7/25/2014,0
7/26/2014,0
7/27/2014,1.42
7/28/2014,0
7/29/2014,0.34
7/30/2014,0.04
7/31/2014,0.01
08/01/2014,0
08/02/2014,0
08/03/2014,0
08/04/2014,0
08/05/2014,0.27
08/06/2014,0
08/07/2014,0
08/08/2014,0
08/09/2014,0
08/10/2014,0
08/11/2014,4.38
08/12/2014,0.13
8/13/2014,0
8/14/2014,0
8/15/2014,0
8/16/2014,0.08
8/17/2014,0.1
8/18/2014,0
8/19/2014,0.37
8/20/2014,0.01
8/21/2014,1.77
8/22/2014,0.06
8/23/2014,0
8/24/2014,0
8/25/2014,0
8/26/2014,0.53
8/27/2014,0
8/28/2014,0
8/29/2014,0
8/30/2014,0
8/31/2014,0.02
09/01/2014,1.51
09/02/2014,0.15
09/03/2014,0
09/04/2014,0
09/11/2014,0
09/12/2014,0
9/13/2014,0.61
9/14/2014,0
9/15/2014,0
9/16/2014,0
9/17/2014,0
9/18/2014,0
9/19/2014,0
9/20/2014,0.57
9/21/2014,0.33
9/22/2014,0
9/23/2014,0
9/24/2014,0
9/25/2014,0
9/26/2014,0
9/27/2014,0
9/28/2014,0
9/29/2014,0
9/30/2014,0
10/01/2014,0
10/02/2014,0
10/03/2014,0.13
10/04/2014,0.11
10/05/2014,0
10/06/2014,0.08
10/07/2014,0.02
10/08/2014,0
10/09/2014,0
10/10/2014,0
10/11/2014,0
10/12/2014,0
10/13/2014,0.15
10/14/2014,0.57
10/15/2014,0.01
10/16/2014,0
10/17/2014,0
10/18/2014,0
10/19/2014,0
10/20/2014,0.04
10/21/2014,0
10/22/2014,0
10/23/2014,0
10/24/2014,0
10/25/2014,0
10/26/2014,0
10/27/2014,0
10/28/2014,0.3
10/29/2014,0
10/30/2014,0
10/31/2014,0.16
11/01/2014,0
11/02/2014,0
11/03/2014,0
11/04/2014,0.02
11/05/2014,0
11/06/2014,0.11
11/07/2014,0
11/08/2014,0.01
11/09/2014,0
11/10/2014,0
11/11/2014,0.01
11/12/2014,0
11/13/2014,0
11/14/2014,0
11/15/2014,0
11/16/2014,0.01
11/17/2014,0
11/18/2014,0
11/19/2014,0.01
11/20/2014,0.02
11/21/2014,0
11/22/2014,0.04
11/23/2014,0.67
11/24/2014,0.41
11/25/2014,0
11/26/2014,0
11/27/2014,0
11/28/2014,0.01
11/29/2014,0
11/30/2014,0
12/01/2014,0
12/02/2014,0
12/03/2014,0
12/04/2014,0
12/05/2014,0
12/06/2014,0
12/07/2014,0
12/08/2014,0.05
12/09/2014,0.04
12/10/2014,0
12/11/2014,0
12/12/2014,0
12/13/2014,0
12/14/2014,0.02
12/15/2014,0.02
12/16/2014,0.22
12/17/2014,0
12/18/2014,0
12/19/2014,0
12/20/2014,0
12/21/2014,0
12/22/2014,0
12/23/2014,0.08
12/24/2014,0.57
12/25/2014,0
12/26/2014,0
12/27/2014,0.04
12/28/2014,0
12/29/2014,0
12/30/2014,0
12/31/2014,0
01/01/2015,0
01/02/2015,0
01/03/2015,0.38
01/04/2015,0.07
01/05/2015,0
01/06/2015,0
01/07/2015,0.01
01/08/2015,0
01/09/2015,0
01/10/2015,0
01/11/2015,0.03
01/12/2015,0.04
1/13/2015,0
1/14/2015,0
1/15/2015,0
1/16/2015,0
1/17/2015,0
1/18/2015,0.01
1/19/2015,0
1/20/2015,0.01
1/21/2015,0.07
1/22/2015,0
1/23/2015,0
1/24/2015,0
1/25/2015,0
1/26/2015,0
1/27/2015,0
1/28/2015,0
1/29/2015,0.05
1/30/2015,0
1/31/2015,0
02/01/2015,0.26
02/02/2015,0.03
02/03/2015,0
02/04/2015,0.03
02/05/2015,0
02/06/2015,0
02/07/2015,0
02/08/2015,0.02
02/09/2015,0
02/10/2015,0
02/11/2015,0
02/12/2015,0.01
2/13/2015,0
2/14/2015,0.01
2/15/2015,0
2/16/2015,0
2/17/2015,0
2/18/2015,0
2/19/2015,0
2/20/2015,0
2/21/2015,0
2/22/2015,0
2/23/2015,0
2/24/2015,0
2/25/2015,0
2/26/2015,0
2/27/2015,0
2/28/2015,0
03/01/2015,0
03/02/2015,0
03/03/2015,0.16
03/04/2015,0
03/05/2015,0
03/06/2015,0
03/07/2015,0
03/08/2015,0
03/09/2015,0
03/10/2015,0
03/11/2015,0
03/12/2015,0
3/13/2015,0
3/14/2015,0
3/15/2015,0
3/16/2015,0
3/17/2015,0
3/18/2015,0
3/19/2015,0
3/20/2015,0
3/21/2015,0
3/22/2015,0
3/23/2015,0
3/24/2015,0
3/25/2015,0.17
3/26/2015,0.03
3/27/2015,0
3/28/2015,0
3/29/2015,0
3/30/2015,0
3/31/2015,0.23
04/01/2015,0
04/02/2015,0.19
04/03/2015,0.07
04/04/2015,0
04/05/2015,0
04/06/2015,0
04/07/2015,0.08
04/08/2015,0
04/09/2015,0.68
04/10/2015,0.09
04/11/2015,0
04/12/2015,0
4/13/2015,0.07
4/14/2015,0
4/15/2015,0
4/16/2015,0.04
4/17/2015,0
4/18/2015,0
4/19/2015,0.5
4/20/2015,0.21
4/21/2015,0.02
4/22/2015,0
4/23/2015,0
4/24/2015,0
4/25/2015,0
4/26/2015,0
4/27/2015,0
4/28/2015,0
4/29/2015,0
4/30/2015,0.63
05/01/2015,0
05/02/2015,0
05/03/2015,0
05/04/2015,0.03
05/05/2015,0.5
05/06/2015,0.11
05/07/2015,0
05/08/2015,0
05/09/2015,0
05/10/2015,0.33
05/11/2015,0.35
05/12/2015,0
5/13/2015,0.01
5/14/2015,0
5/15/2015,0.06
5/16/2015,0.12
5/17/2015,0.01
5/18/2015,0
5/19/2015,0
5/20/2015,0
5/21/2015,0
5/22/2015,0
5/23/2015,0
5/24/2015,0
5/25/2015,0
5/27/2015,0.02
5/28/2015,0
5/29/2015,0.07
5/30/2015,1.12
5/31/2015,0.96
06/01/2015,0
06/02/2015,0
06/03/2015,0
06/04/2015,0
06/05/2015,0.12
06/06/2015,0
06/07/2015,0.17
06/08/2015,0.22
06/09/2015,0
06/10/2015,0.21
06/11/2015,0
06/12/2015,0
6/13/2015,0.13
6/14/2015,0.82
6/15/2015,0.54
6/16/2015,0.04
6/17/2015,0.04
6/18/2015,0.02
6/19/2015,0
6/20/2015,0.1
6/21/2015,0
6/22/2015,0.05
6/23/2015,0.5
6/24/2015,0
6/25/2015,0
6/26/2015,0
6/27/2015,1.55
6/28/2015,0.01
6/29/2015,0
6/30/2015,0.37
07/01/2015,0.1
07/02/2015,0
07/03/2015,0
07/04/2015,0
07/05/2015,0
07/06/2015,0
07/07/2015,0.17
07/08/2015,0
07/09/2015,0.47
07/10/2015,0
07/11/2015,0
07/12/2015,0
7/13/2015,0
7/14/2015,0.24
7/15/2015,0
7/16/2015,0
7/17/2015,0.31
7/18/2015,0.01
7/19/2015,0
7/20/2015,0
7/21/2015,0
7/22/2015,0
7/23/2015,0
7/24/2015,0
7/25/2015,0.12
7/26/2015,0
7/27/2015,0
7/28/2015,0
7/29/2015,0.23
7/30/2015,0
7/31/2015,0
08/01/2015,0
08/02/2015,0.67
08/03/2015,0.36
08/04/2015,0
08/05/2015,0
08/06/2015,0
08/07/2015,0
08/08/2015,0.05
08/09/2015,0.05
08/10/2015,0.38
08/11/2015,0
08/12/2015,0
8/13/2015,0
8/14/2015,0
8/15/2015,0
8/16/2015,0
8/17/2015,0
8/18/2015,0.09
8/19/2015,0.28
8/20/2015,1.12
8/21/2015,0
8/22/2015,0
8/23/2015,0.82
8/24/2015,0
8/25/2015,0.02
8/26/2015,0.01
8/27/2015,0
8/28/2015,0
8/29/2015,0
8/30/2015,0
8/31/2015,0
09/01/2015,0
09/02/2015,0
09/03/2015,1.14
09/04/2015,0.04
09/05/2015,0
09/06/2015,0
09/07/2015,0
09/08/2015,0
09/09/2015,0.03
09/10/2015,0
09/11/2015,0.22
09/12/2015,0.01
9/13/2015,0
9/14/2015,0
9/15/2015,0
9/16/2015,0
9/17/2015,0
9/18/2015,0.16
9/19/2015,0.16
9/20/2015,0
9/21/2015,0
9/22/2015,0
9/23/2015,0
9/24/2015,0
9/25/2015,0
9/26/2015,0
9/27/2015,0
9/28/2015,0
9/29/2015,0.46
9/30/2015,0
10/01/2015,0
10/02/2015,0
10/03/2015,0.18
10/04/2015,0
10/05/2015,0
10/06/2015,0
10/07/2015,0
10/08/2015,0.03
10/09/2015,0.01
10/10/2015,0
10/11/2015,0
10/12/2015,0
10/13/2015,0
10/14/2015,0
10/15/2015,0
10/16/2015,0
10/17/2015,0
10/18/2015,0
10/19/2015,0
10/20/2015,0
10/21/2015,0
10/22/2015,0
10/23/2015,0
10/24/2015,0.05
10/25/2015,0.01
10/26/2015,0
10/27/2015,0.01
10/28/2015,0.04
10/29/2015,0
10/30/2015,0
10/31/2015,0
11/01/2015,0
11/02/2015,0
11/03/2015,0
11/04/2015,0
11/05/2015,0
11/07/2015,0
11/08/2015,0
11/09/2015,0
11/10/2015,0
11/12/2015,0.1
11/13/2015,0.03
11/14/2015,0
11/15/2015,0
11/16/2015,0
11/17/2015,0
11/18/2015,0.37
11/19/2015,0
11/20/2015,0
11/21/2015,0.4
11/22/2015,0
11/23/2015,0
11/24/2015,0
11/25/2015,0
11/26/2015,0.03
11/27/2015,0.4
11/28/2015,0.03
11/29/2015,0
11/30/2015,0
12/01/2015,0.01
12/02/2015,0.03
12/03/2015,0.06
12/04/2015,0
12/05/2015,0
12/06/2015,0
12/07/2015,0
12/08/2015,0
12/09/2015,0
12/10/2015,0
12/11/2015,0
12/12/2015,0
12/13/2015,0.01
12/14/2015,0.2
12/15/2015,0
12/16/2015,0.01
12/17/2015,0
12/18/2015,0
12/19/2015,0
12/20/2015,0
12/21/2015,0.44
12/22/2015,0.01
12/23/2015,0.38
12/24/2015,0
12/25/2015,0
12/26/2015,0.14
12/27/2015,0.2
12/28/2015,0.81
12/29/2015,0
12/30/2015,0
12/31/2015,0
01/01/2016,0
01/02/2016,0
01/03/2016,0
01/04/2016,0
01/05/2016,0
01/06/2016,0
01/07/2016,0
01/08/2016,0.13
01/09/2016,0.06
01/10/2016,0.37
01/11/2016,0
01/12/2016,0.02
1/13/2016,0
1/14/2016,0
1/15/2016,0.23
1/16/2016,0
1/17/2016,0
1/18/2016,0
1/19/2016,0
1/20/2016,0
1/21/2016,0
1/22/2016,0
1/23/2016,0
1/24/2016,0
1/25/2016,0
1/26/2016,0
1/27/2016,0
1/28/2016,0
1/29/2016,0
1/30/2016,0
1/31/2016,0.14
02/01/2016,0
02/02/2016,0.45
02/03/2016,0
02/04/2016,0.03
02/05/2016,0
02/06/2016,0
02/07/2016,0
02/08/2016,0
02/09/2016,0.04
02/10/2016,0
02/11/2016,0
02/12/2016,0
2/13/2016,0
2/14/2016,0
2/15/2016,0
2/16/2016,0
2/17/2016,0.01
2/18/2016,0
2/19/2016,0
2/20/2016,0
2/21/2016,0
2/22/2016,0
2/23/2016,0
2/24/2016,1.07
2/25/2016,0.07
2/26/2016,0
2/27/2016,0
2/28/2016,0.08
2/29/2016,0.15
03/01/2016,0.28
03/02/2016,0
03/03/2016,0.04
03/04/2016,0
03/05/2016,0.06
03/06/2016,0
03/07/2016,0
03/08/2016,0
03/09/2016,0.01
03/10/2016,0.05
03/11/2016,0
03/12/2016,0
3/13/2016,0.88
3/14/2016,0.01
3/15/2016,0
3/16/2016,0.14
3/17/2016,0
3/18/2016,0
3/19/2016,0
3/20/2016,0
3/21/2016,0
3/22/2016,0
3/23/2016,0
3/24/2016,1.43
3/25/2016,0
3/26/2016,0
3/27/2016,0.79
3/28/2016,0.22
3/29/2016,0
3/30/2016,0.02
3/31/2016,0.63
04/01/2016,0
04/02/2016,0.1
04/03/2016,0.01
04/04/2016,0.01
04/05/2016,0
04/06/2016,0.1
04/07/2016,0.08
04/08/2016,0
04/09/2016,0
04/10/2016,0.32
04/11/2016,0.01
04/12/2016,0
4/13/2016,0
4/14/2016,0
4/15/2016,0
4/16/2016,0
4/17/2016,0
4/18/2016,0
4/19/2016,0
4/20/2016,0
4/21/2016,0.19
4/22/2016,0
4/23/2016,0
4/24/2016,0
4/25/2016,0.2
4/26/2016,0.22
4/27/2016,0
4/28/2016,0.04
4/29/2016,0.04
4/30/2016,0.49
05/01/2016,0.09
05/02/2016,0.31
05/03/2016,0
05/04/2016,0.35
05/05/2016,0
05/06/2016,0
05/07/2016,0
05/08/2016,0
05/09/2016,0
05/10/2016,0.04
05/11/2016,0
05/12/2016,0.51
5/13/2016,0.02
5/14/2016,0.31
5/15/2016,0.01
5/16/2016,0
5/17/2016,0
5/18/2016,0
5/19/2016,0
5/20/2016,0
5/21/2016,0
5/22/2016,0
5/23/2016,0
5/24/2016,0
5/25/2016,0
5/26/2016,0
5/27/2016,0
5/28/2016,0
5/29/2016,0.14
5/30/2016,0
5/31/2016,0
06/01/2016,0.08
06/02/2016,0
06/03/2016,0
06/04/2016,0.78
06/05/2016,0.15
06/06/2016,0
06/07/2016,0
06/08/2016,0
06/09/2016,0
06/10/2016,0
06/11/2016,0
06/12/2016,0
6/13/2016,0
6/14/2016,0
6/15/2016,0
6/16/2016,0.1
6/17/2016,0
6/18/2016,0
6/19/2016,0
6/20/2016,0
6/21/2016,0
6/22/2016,0
6/23/2016,0
6/24/2016,0
6/25/2016,0
6/26/2016,0
6/27/2016,0
6/28/2016,0
6/29/2016,0
6/30/2016,0
07/01/2016,0.31
07/02/2016,0
07/03/2016,0
07/04/2016,0
07/05/2016,0
07/06/2016,0.5
07/07/2016,0.09
07/08/2016,2.91
07/09/2016,0
07/10/2016,0
07/11/2016,0
07/12/2016,0.13
7/13/2016,0.08
7/14/2016,0.06
7/15/2016,0
7/16/2016,0
7/17/2016,0
7/18/2016,0.05
7/19/2016,0
7/20/2016,0
7/21/2016,0.11
7/22/2016,0
7/23/2016,0
7/24/2016,0.12
7/25/2016,0.05
7/26/2016,0
7/27/2016,0
7/28/2016,0
7/29/2016,0.02
7/30/2016,0.37
7/31/2016,0.12
08/01/2016,0
08/02/2016,0
08/03/2016,0
08/04/2016,0
08/05/2016,0.03
08/06/2016,0
08/07/2016,0
08/08/2016,0
08/09/2016,0
08/10/2016,0
08/11/2016,0.37
08/12/2016,0.01
8/13/2016,1.38
8/14/2016,0
8/15/2016,0.13
8/16/2016,2.65
8/17/2016,0.53
8/18/2016,0
8/19/2016,0
8/20/2016,1.38
8/21/2016,0.09
8/22/2016,0
8/23/2016,0
8/24/2016,0.35
8/25/2016,0
8/26/2016,0
8/27/2016,1.01
8/28/2016,0
8/29/2016,0
8/30/2016,0
8/31/2016,0
09/01/2016,0
09/02/2016,0
09/03/2016,0
09/04/2016,0
09/05/2016,0
09/06/2016,0
09/07/2016,0.09
09/08/2016,0.05
09/09/2016,0
09/10/2016,1.21
09/11/2016,0
09/12/2016,0
9/13/2016,0
9/14/2016,0.08
9/15/2016,0
9/16/2016,0
9/17/2016,0.22
9/18/2016,0
9/19/2016,0
9/20/2016,0
9/21/2016,0
9/22/2016,0
9/23/2016,0
9/24/2016,0
9/25/2016,0
9/26/2016,0.27
9/27/2016,0
9/28/2016,0.81
9/29/2016,4.07
9/30/2016,0.74
10/01/2016,0.76
10/02/2016,0.01
10/03/2016,0
10/04/2016,0
10/05/2016,0
10/06/2016,0
10/07/2016,0
10/08/2016,0
10/09/2016,0
10/10/2016,0
10/11/2016,0
10/12/2016,0.16
10/13/2016,0
10/14/2016,0
10/15/2016,0
10/16/2016,0.13
10/17/2016,0
10/18/2016,0
10/19/2016,0.02
10/20/2016,0.69
10/21/2016,0.23
10/22/2016,0
10/23/2016,0
10/24/2016,0
10/25/2016,0
10/26/2016,0.12
10/27/2016,0.12
10/28/2016,0
10/29/2016,0
10/30/2016,0.02
10/31/2016,0
11/01/2016,0
11/02/2016,0.02
11/03/2016,0.02
11/04/2016,0
11/05/2016,0
11/06/2016,0
11/07/2016,0
11/08/2016,0
11/09/2016,0.02
11/10/2016,0
11/11/2016,0
11/12/2016,0
11/13/2016,0
11/14/2016,0
11/15/2016,0
11/16/2016,0
11/17/2016,0
11/18/2016,0.03
11/19/2016,0.04
11/20/2016,0
11/21/2016,0
11/22/2016,0
11/23/2016,0.24
11/24/2016,0.04
11/25/2016,0.02
11/26/2016,0
11/27/2016,0
11/28/2016,0.33
11/29/2016,0.09
11/30/2016,0
12/01/2016,0.01
12/02/2016,0.01
12/03/2016,0
12/04/2016,0.12
12/05/2016,0
12/06/2016,0.16
12/07/2016,0
12/08/2016,0
12/09/2016,0
12/10/2016,0
12/11/2016,0.26
12/12/2016,0
12/13/2016,0
12/14/2016,0
12/15/2016,0
12/16/2016,0.03
12/17/2016,0.01
12/18/2016,0.02
12/19/2016,0
12/20/2016,0
12/21/2016,0
12/22/2016,0
12/23/2016,0.04
12/24/2016,0.03
12/25/2016,0
12/26/2016,0.41
12/27/2016,0
12/28/2016,0.01
12/29/2016,0.03
12/30/2016,0
12/31/2016,0
01/01/2017,0
01/02/2017,0.06
01/03/2017,0.3
01/04/2017,0
01/05/2017,0
01/06/2017,0
01/07/2017,0
01/08/2017,0
01/09/2017,0
01/10/2017,0.3
01/11/2017,0.08
01/12/2017,0.32
1/13/2017,0
1/14/2017,0
1/15/2017,0
1/16/2017,0.15
1/17/2017,0.29
1/18/2017,0.01
1/19/2017,0
1/20/2017,0.09
1/21/2017,0
1/22/2017,0
1/23/2017,0.05
1/24/2017,0.01
1/25/2017,0.02
1/26/2017,0.01
1/27/2017,0
1/28/2017,0
1/29/2017,0.01
1/30/2017,0.04
1/31/2017,0.03
02/01/2017,0.01
02/02/2017,0
02/03/2017,0
02/04/2017,0
02/05/2017,0
02/06/2017,0
02/07/2017,0.76
02/08/2017,0
02/09/2017,0
02/10/2017,0
02/11/2017,0.06
02/12/2017,0.18
2/13/2017,0
2/14/2017,0
2/15/2017,0
2/16/2017,0
2/17/2017,0
2/18/2017,0
2/19/2017,0
2/20/2017,0
2/21/2017,0
2/22/2017,0
2/23/2017,0
2/24/2017,0.41
2/25/2017,0
2/26/2017,0
2/27/2017,0
2/28/2017,0.14
03/01/2017,0.74
03/02/2017,0
03/03/2017,0
03/04/2017,0
03/05/2017,0
03/06/2017,0.04
03/07/2017,0.11
03/08/2017,0
03/09/2017,0
03/10/2017,0
03/11/2017,0
03/12/2017,0
3/13/2017,0.06
3/14/2017,0
3/15/2017,0
3/16/2017,0
3/17/2017,0.08
3/18/2017,0.06
3/19/2017,0
3/20/2017,0.05
3/21/2017,0
3/22/2017,0
3/23/2017,0.06
3/24/2017,0.04
3/25/2017,0.06
3/26/2017,0.16
3/27/2017,0
3/28/2017,0
3/29/2017,0
3/30/2017,1.74
3/31/2017,0
04/01/2017,0
04/02/2017,0
04/03/2017,0.15
04/04/2017,0.08
04/05/2017,0.36
04/06/2017,0.19
04/07/2017,0
04/08/2017,0
04/09/2017,0
04/10/2017,0.2
04/11/2017,0.48
04/12/2017,0
4/13/2017,0
4/14/2017,0
4/15/2017,0.04
4/16/2017,0
4/17/2017,0
4/18/2017,0
4/19/2017,0.48
4/20/2017,0.71
4/21/2017,0
4/22/2017,0
4/23/2017,0
4/24/2017,0
4/25/2017,0
4/26/2017,0
4/27/2017,0.23
4/28/2017,0
4/29/2017,0.01
4/30/2017,0.48
05/01/2017,0.11
05/02/2017,0.01
05/03/2017,0
05/04/2017,0.89
05/05/2017,0.77
05/06/2017,0
05/07/2017,0
05/08/2017,0
05/09/2017,0
05/10/2017,0
05/11/2017,0.14
05/12/2017,0
5/13/2017,0.08
5/14/2017,0
5/15/2017,0
5/16/2017,0.27
5/17/2017,0
5/18/2017,0
5/19/2017,0
5/20/2017,0.15
5/21/2017,0.6
5/22/2017,0
5/23/2017,0
5/24/2017,0.24
5/25/2017,0.82
5/26/2017,0
5/27/2017,0
5/28/2017,0.17
5/29/2017,0.1
5/30/2017,0
5/31/2017,0.01
06/01/2017,0
06/02/2017,0
06/03/2017,0
06/04/2017,0.04
06/05/2017,0
06/06/2017,0.01
06/07/2017,0
06/08/2017,0
06/09/2017,0.01
06/10/2017,0
06/11/2017,0
06/12/2017,0
6/13/2017,0
6/14/2017,0
6/15/2017,1.14
6/16/2017,0
6/17/2017,0.02
6/18/2017,0.01
6/19/2017,0.03
6/20/2017,0
6/21/2017,0
6/24/2017,0
6/25/2017,0
6/26/2017,0.01
6/27/2017,0
6/28/2017,0
6/29/2017,0
6/30/2017,0.32
07/01/2017,0
07/02/2017,0
07/03/2017,0
07/04/2017,0
07/05/2017,0
07/06/2017,0
07/07/2017,0.88
07/08/2017,0
07/09/2017,0
07/10/2017,0.64
07/11/2017,0.59
07/12/2017,0.19
7/13/2017,0.19
7/14/2017,0
7/15/2017,0
7/16/2017,0
7/17/2017,0
7/18/2017,0
7/19/2017,0
7/20/2017,0
7/21/2017,0
7/22/2017,0.02
7/23/2017,0
7/24/2017,0
7/25/2017,0
7/26/2017,0
7/27/2017,0
7/28/2017,0
7/29/2017,0
7/30/2017,0
7/31/2017,0
08/01/2017,0
08/02/2017,1.14
08/03/2017,0.12
08/04/2017,0
08/05/2017,0
08/06/2017,0
08/07/2017,0
08/08/2017,0
08/09/2017,0
08/10/2017,0
08/11/2017,0.17
08/12/2017,0.01
8/13/2017,0
8/14/2017,0
8/15/2017,0.07
8/16/2017,0
8/17/2017,0.98
8/18/2017,0
8/19/2017,0
8/20/2017,0
8/21/2017,0
8/22/2017,0.08
8/23/2017,0
8/24/2017,0
8/25/2017,0
8/26/2017,0
8/27/2017,0
8/28/2017,1.65
8/30/2017,0
8/31/2017,0
09/01/2017,0
09/02/2017,0
09/03/2017,0.02
09/04/2017,0.51
09/05/2017,0.04
09/06/2017,0
09/07/2017,0.17
09/08/2017,0
09/09/2017,0
09/10/2017,0
09/11/2017,0
09/12/2017,0
9/13/2017,0
9/14/2017,0
9/15/2017,0
9/16/2017,0
9/17/2017,0
9/18/2017,0.21
9/19/2017,0.16
9/20/2017,0
9/21/2017,0
9/22/2017,0
9/23/2017,0
9/24/2017,0
9/25/2017,0
9/26/2017,0
9/27/2017,0
9/28/2017,0
9/29/2017,0.1
9/30/2017,0
10/01/2017,0
10/02/2017,0
10/03/2017,0
10/04/2017,0.02
10/05/2017,0.06
10/06/2017,0.18
10/07/2017,0.1
10/08/2017,0
10/09/2017,0.08
10/10/2017,0
10/11/2017,0.89
10/12/2017,0
10/13/2017,0
10/14/2017,0.17
10/15/2017,0.02
10/16/2017,0
10/17/2017,0
10/18/2017,0
10/19/2017,0
10/20/2017,0
10/21/2017,0
10/22/2017,0
10/23/2017,0.22
10/24/2017,0.09
10/25/2017,0.01
10/26/2017,0
10/27/2017,0.12
10/28/2017,0
10/29/2017,0
10/30/2017,0
10/31/2017,0
11/01/2017,0.04
11/02/2017,0.16
11/04/2017,0.42
11/05/2017,0.28
11/06/2017,0
11/07/2017,0
11/08/2017,0
11/09/2017,0
11/10/2017,0
11/11/2017,0
11/12/2017,0.14
11/13/2017,0
11/14/2017,0
11/15/2017,0.23
11/16/2017,0
11/17/2017,0
11/18/2017,1.59
11/19/2017,0
11/20/2017,0
11/21/2017,0.08
11/22/2017,0
11/23/2017,0
11/24/2017,0
11/25/2017,0
11/26/2017,0
11/27/2017,0
11/28/2017,0
11/29/2017,0
11/30/2017,0.11
12/01/2017,0
12/02/2017,0
12/03/2017,0
12/04/2017,0.04
12/05/2017,0.02
12/06/2017,0
12/07/2017,0
12/08/2017,0
12/09/2017,0
12/10/2017,0
12/11/2017,0.15
12/12/2017,0
12/13/2017,0.13
12/14/2017,0
12/15/2017,0
12/16/2017,0.01
12/17/2017,0
12/18/2017,0.01
12/19/2017,0
12/20/2017,0
12/21/2017,0
12/22/2017,0
12/23/2017,0.02
12/24/2017,0.22
12/25/2017,0
12/26/2017,0
12/27/2017,0
12/28/2017,0
12/29/2017,0
12/30/2017,0
12/31/2017,0
